"time","xAngle","gyroXangle","compAngleX","kalAngleX","yAngle","gyroYangle","compAngleY","kalAngleY"
0,0.400154,0.598488,0.584604,0.598485,-73.8874,0.328047,-4.86703,0.327047
1,73.7923,10.8607,15.253,10.9055,-43.8052,0.361803,-7.56131,0.329377
2,1.30695,20.9932,23.7,21.0103,-73.9803,0.393721,-12.181,0.25692
3,1.55571,31.005,31.4609,30.9603,-73.9218,0.4245,-16.4742,0.132082
4,0.99005,40.9071,38.5369,40.7511,-73.803,0.450384,-20.4631,-0.048653
5,0.494645,50.706,44.9869,50.3751,-73.803,0.480904,-24.1685,-0.276055
6,0.399225,60.378,50.8608,59.7968,-73.8649,0.503129,-27.6266,-0.56321
7,73.679,69.9194,61.3315,69.3578,-43.7396,0.526935,-28.7324,-0.752818
8,73.6711,79.4403,71.0497,78.8481,-44.3557,0.548883,-29.8056,-0.978022
9,73.3889,89.0449,80.1457,88.356,-44.7745,0.574155,-30.8299,-1.23326
10,73.1567,98.8378,88.7639,97.9714,-45.009,0.548265,-31.8465,-1.57194
11,73.008,108.911,97.0286,107.77,-45.4922,0.516516,-32.8313,-1.95085
12,72.9317,108.94,95.3694,107.499,-45.5646,0.477304,-33.7591,-2.36861
13,72.9825,109.305,94.1419,107.537,-45.4341,0.424005,-34.6259,-2.82974
14,73.1062,109.978,93.2952,107.851,-45.2629,0.37898,-35.4124,-3.31094
15,73.2597,110.979,92.8238,108.461,-45.288,0.321709,-36.1569,-3.83414
16,73.0661,112.419,92.7799,109.464,-45.4404,0.262855,-36.8615,-4.38981
17,73.4217,114.296,93.1705,110.861,-45.0845,0.191388,-37.5036,-4.98245
18,73.7516,116.462,93.8256,112.495,-44.3476,0.104456,-38.0635,-5.60873
19,74.1055,118.775,94.596,114.221,-43.8765,0.0306514,-38.539,-6.24218
20,2.30737,121.216,90.4055,114.97,-74.129,-0.0365363,-41.0928,-7.33359
21,4.87043,123.813,86.8337,115.794,-73.9117,-0.111789,-43.4601,-8.47647
22,8.07356,126.462,83.7835,116.598,-74.3354,-0.180426,-45.6852,-9.66488
23,12.9509,129.051,81.2338,117.306,-73.8807,-0.234395,-47.7091,-10.8754
24,19.8709,131.588,79.2973,117.964,-0.601284,-0.299111,-44.4717,-10.845
25,24.7005,133.749,77.4854,118.228,-73.501,-0.371592,-46.5712,-12.159
26,27.7373,135.39,75.5287,117.937,-73.2686,-0.412801,-48.4783,-13.4776
27,30.3403,136.495,73.3937,117.081,-73.0641,-0.468167,-50.2508,-14.8442
28,34.549,136.869,71.0222,115.52,-72.4776,-0.517441,-51.8525,-16.2279
29,34.7652,146.848,77.7648,123.303,-72.3697,-0.542311,-53.3119,-17.6182
30,32.8464,156.096,83.221,130.053,-72.7407,-10.918,-64.3213,-29.1653
31,30.2272,164.678,87.4927,135.821,-73.1443,-10.9223,-64.9429,-30.3732
32,28.1051,172.705,90.8006,140.734,-73.054,-21.2975,-75.1596,-41.7203
33,25.4608,144.728,93.1222,144.728,-0.261147,-31.6736,-79.5665,-51.0061
34,22.58,151.538,94.5174,147.813,-73.7457,-42.0364,-88.7964,-61.8711
35,17.706,157.884,95.0427,150.081,-74.319,-52.4494,-97.4671,-72.5273
36,8.39761,163.886,94.5593,151.538,-75.0296,-62.8115,-105.533,-82.8634
37,0.77493,169.774,93.4708,152.455,-75.0284,-73.1728,-113.034,-92.8984
38,74.7784,175.822,97.7866,155.448,-44.8951,-83.5459,-117.911,-101.763
39,73.8883,158.566,102.063,158.566,-0.353739,-93.8943,-119.306,-108.951
40,73.2331,165.383,106.385,161.87,-46.4408,-104.241,-123.828,-117.183
41,74.1044,172.356,110.611,165.14,-46.8838,-114.526,-128.007,-125.024
42,70.2298,169.033,115.196,169.033,-1.13246,-124.792,-128.673,-131.045
43,73.1217,177.573,120.194,173.321,-0.323394,-134.948,-129.134,-136.573
44,72.2047,177.755,125.205,177.755,-48.6525,-145.196,-133.031,-143.44
45,72.8025,182.891,130.836,182.891,-49.0264,-155.454,-136.69,-149.977
46,71.6471,178.666,127.318,178.666,-0.64877,-165.779,-136.769,-154.556
47,72.576,175.15,124.75,175.15,-48.4248,-176.126,-140.209,-160.482
48,72.657,177.075,122.893,172.178,-48.4309,-166.094,-143.445,-166.094
49,73.0448,179.596,121.748,169.781,-47.8489,-166.133,-136.789,-161.362
50,73.7005,167.659,121.004,167.659,-47.9264,-166.254,-130.681,-156.745
51,73.0558,171.223,120.961,166.195,-47.4222,-166.323,-124.917,-152.097
52,74.267,175.08,121.28,164.996,-0.438554,-166.492,-116.361,-145.802
53,74.4021,179.444,122.057,164.226,-44.5444,-166.603,-111.436,-141.218
54,4.36404,160.559,117.805,160.559,-0.637997,-166.707,-103.777,-134.969
55,5.37474,164.613,113.705,156.663,-1.46102,-166.779,-96.6819,-128.807
56,7.60235,168.66,110.042,152.825,-74.8256,-166.869,-95.2357,-125.7
57,17.6788,172.588,107.23,149.262,-74.7609,-166.929,-93.8586,-122.626
58,23.464,176.074,104.608,145.51,-73.6716,-166.979,-92.4925,-119.572
59,25.8748,179.103,101.913,141.432,-2.02419,-177.316,-95.7724,-123.48
60,33.1856,137.296,99.5294,137.296,-1.24319,-177.449,-89.2796,-117.276
61,33.8723,139.277,96.7753,132.645,-72.7947,-177.545,-88.2144,-114.188
62,37.0612,140.56,93.7887,127.546,-72.1465,-177.693,-87.2279,-111.205
63,37.9724,141.01,90.2999,121.802,-72.1546,-177.828,-86.2979,-108.293
64,41.4256,151.051,96.2171,125.538,-71.9886,-177.854,-85.3206,-105.354
65,40.3645,160.122,100.743,128.043,-71.879,-112.38,-94.009,-112.38
66,36.1711,168.459,103.976,129.464,-73.1285,-122.659,-102.107,-119.041
67,32.5365,176.345,106.309,130.13,-73.5435,-132.874,-109.607,-125.314
68,32.075,129.865,107.707,129.865,-3.44337,-143.166,-111.747,-128.202
69,26.0673,136.683,108.332,128.979,-0.864055,-153.455,-113.554,-130.708
70,18.0491,143.184,108.058,127.364,-1.05318,-163.726,-115.231,-132.957
71,16.0145,149.437,107.431,125.37,-74.0573,-174.042,-121.943,-138.301
72,10.0005,155.469,106.22,122.876,-0.141772,-139.944,-122.974,-139.944
73,5.26847,161.276,104.554,119.945,-0.272591,-150.233,-123.954,-141.384
74,75.4124,167.046,107.88,120.203,-44.4303,-160.556,-127.987,-144.661
75,74.6626,172.64,110.758,120.186,-44.8317,-170.866,-131.755,-147.68
76,74.7367,179.062,114.209,120.927,-44.9426,-150.404,-135.207,-150.404
77,73.2714,121.713,117.508,121.713,-0.134205,-160.636,-135.268,-150.797
78,73.3454,128.594,120.816,122.666,-47.3076,-170.679,-138.45,-153.042
79,74.4163,135.555,124.041,123.646,-0.941209,-152.938,-138.197,-152.938
80,71.8106,143.331,127.617,125.179,-0.0784809,-163.143,-138.02,-152.761
81,72.3482,152.259,132.051,127.717,-0.782255,-173.469,-138.016,-152.592
82,72.7032,162.153,137.098,131.009,-0.53545,-173.496,-128.418,-142.447
83,72.817,162.45,132.875,124.948,-49.3304,-173.553,-122.934,-134.974
84,73.1257,163.319,129.5,119.671,-48.7074,-173.615,-117.796,-127.735
85,73.2241,164.638,126.788,115.045,-48.3836,-173.668,-112.987,-120.75
86,73.0555,166.465,124.726,111.077,-0.0629394,-173.732,-105.142,-111.738
87,73.233,168.886,123.373,107.831,-0.255618,-173.81,-97.8716,-103.064
88,73.4837,171.832,122.62,105.202,-0.152925,-173.892,-91.1077,-94.6889
89,73.466,175.494,122.585,103.349,-0.130076,-174.016,-84.855,-86.66
90,74.2123,179.582,123.001,101.998,-46.0315,-174.152,-82.2639,-81.1477
91,75.1121,100.838,123.557,100.838,-0.0206755,-174.266,-76.6129,-73.6331
92,74.5177,104.796,123.806,99.446,-44.0264,-174.362,-74.4207,-68.5107
93,75.0862,108.991,124.296,98.3524,-0.235743,-174.474,-69.3322,-61.5164
94,1.17267,113.402,119.78,93.9331,-0.586275,-174.568,-64.607,-54.8103
95,8.03158,117.927,116.166,90.0712,-75.0289,-174.664,-65.4261,-51.9763
96,14.5696,122.355,113.172,86.5481,-75.1803,-174.576,-66.0272,-49.1386
97,16.1817,126.887,110.597,83.3143,-0.430092,-174.475,-61.3411,-42.8328
98,20.0862,131.428,108.485,80.374,-75.5307,-174.405,-62.2691,-40.4712
99,26.4048,135.973,106.966,77.8289,-74.6379,-174.328,-63.0635,-38.2067
100,36.9804,140.059,105.867,75.4415,-2.44108,-174.256,-58.7527,-32.5822
101,46.4843,143.302,104.727,72.7961,-72.6223,-174.066,-59.5475,-30.5093
102,52.3856,145.728,103.319,69.7637,-72.114,-173.8,-60.1794,-28.4782
103,51.0607,147.204,101.033,65.895,-72.1542,-173.571,-60.8048,-26.6244
104,52.04,147.968,98.3149,61.5722,-72.001,-173.448,-61.4744,-24.997
105,52.3354,148.013,95.1377,56.7817,-71.6915,-173.383,-62.1286,-23.5326
106,50.2112,157.548,100.86,61.143,-72.1758,-173.382,-62.8308,-22.2688
107,47.9253,166.402,105.389,64.5213,-72.795,-163.045,-53.9154,-11.3125
108,44.9445,174.682,108.859,67.0178,-72.5574,-152.778,-45.6722,-0.996779
109,44.2614,68.9132,111.612,68.9132,-73.4548,-142.589,-38.1406,8.62239
110,43.6865,76.0119,113.459,69.9771,-1.11874,-132.297,-25.9776,21.3322
111,36.5815,82.5104,114.121,70.0473,-74.2964,-122.021,-19.8032,29.7991
112,31.9974,88.7963,114.218,69.6551,-74.1832,-111.812,-14.1157,37.6974
113,28.1982,94.7207,113.707,68.7188,-74.8767,-101.617,-8.88766,45.0571
114,26.2863,100.294,112.771,67.3608,-74.8322,-91.4025,-4.0043,51.9678
115,19.6637,105.709,111.289,65.5159,-2.03567,-81.0855,5.72833,62.1139
116,12.9147,110.893,109.224,63.1951,-0.719529,-70.7762,14.8647,71.7419
117,6.57243,116.073,106.856,60.63,-75.7071,-60.465,18.114,77.1473
118,76.075,121.256,109.521,61.555,-0.109486,-50.1571,26.4247,85.8574
119,76.152,126.444,112.01,62.4521,-44.7262,-39.92,30.9646,91.8014
120,74.1919,131.67,114.223,63.2667,-0.123615,-29.6784,38.3132,99.5194
121,74.4807,137.504,116.867,64.6479,-46.3491,-19.7139,41.6538,104.227
122,73.7884,143.656,119.573,66.2373,-48.9942,-9.7295,44.5939,108.454
123,74.1287,150.741,122.981,68.6589,-0.163002,0.256189,50.7476,114.732
124,71.4586,159.241,127.279,72.1849,-0.18326,10.3745,56.5925,120.718
125,73.5526,168.665,132.282,76.5184,-0.455815,20.5439,62.0567,126.333
126,73.3282,178.722,137.508,81.2281,-0.57611,30.7363,67.1513,131.571
127,72.7657,178.764,133.016,76.1506,-0.320367,40.924,71.9029,136.439
128,73.9419,179.243,129.326,71.7901,-49.5144,51.2247,72.9833,138.627
129,73.6852,68.2837,126.512,68.2837,-49.5528,61.5294,73.9891,140.537
130,73.0011,70.0229,124.384,65.4707,-49.7687,61.552,65.3471,132.392
131,73.4667,72.5004,123.124,63.5268,-0.490299,71.8652,70.3297,136.692
132,72.5508,75.7899,122.643,62.4159,-1.15272,71.8986,65.3571,130.848
133,74.4186,79.6936,122.898,62.0452,-47.4741,71.9762,57.531,122.931
134,74.2794,83.6941,123.215,61.7896,-0.423206,72.0387,53.5323,117.552
135,74.5857,87.9796,123.796,61.8428,-0.485593,72.1592,49.8632,112.382
136,74.6467,92.589,124.643,62.2181,-45.041,72.2425,43.2973,105.132
137,75.2667,97.2777,125.547,62.6897,-0.0546772,72.3439,40.357,100.336
138,5.22242,101.969,121.487,59.7023,-75.2858,72.4442,32.3553,91.9751
139,9.24212,106.654,117.987,57.0049,-75.3173,72.5401,24.9074,83.8678
140,13.8084,111.358,115.069,54.6385,-75.3139,72.6234,17.9694,76.0024
141,18.0496,116.053,112.644,52.5507,-75.4293,72.7248,11.5258,68.3976
142,22.9246,120.679,110.666,50.71,-75.1884,72.8243,5.54835,61.0461
143,29.0054,125.224,109.177,49.1599,-74.9176,72.9219,0.00648872,53.944
144,36.2303,129.445,107.996,47.7138,-74.3042,73.0396,-5.08584,47.1233
145,43.3684,132.971,106.751,46.0204,-2.44066,73.1812,-4.76898,44.0943
146,43.5692,135.673,104.841,43.634,-73.5431,73.3761,-9.40188,37.7162
147,52.1981,137.799,103.133,41.2419,-71.4258,73.5069,-13.6219,31.5939
148,53.4638,138.892,100.672,38.0568,-71.6459,83.7886,-8.12163,35.3182
149,54.122,138.956,97.4743,34.0971,-71.4205,93.9893,-3.0659,38.6943
150,54.2145,148.503,103.324,39.3462,-71.7364,104.115,1.54393,41.7087
151,50.521,157.197,107.714,43.3775,-72.5101,114.22,5.75762,44.4168
152,47.505,165.234,110.973,46.4466,-72.9112,124.327,9.65052,46.8675
153,45.509,172.924,113.542,48.9389,-0.88118,134.4,18.2811,52.6105
154,41.0335,50.7782,115.323,50.7782,-73.967,144.447,21.1677,54.3881
155,38.5681,57.4379,116.143,51.7233,-0.0691145,154.713,29.2288,59.8176
156,30.5271,63.8473,116.111,51.9728,-74.9893,164.993,31.4938,61.2381
157,26.3049,70.0049,115.551,51.7444,-74.4338,175.226,33.5949,62.4466
158,21.043,76.0582,114.565,51.1456,-74.6225,63.4267,35.5023,63.4267
159,20.6506,81.996,113.513,50.4191,-75.1522,73.6267,37.2424,64.2092
160,11.481,87.7665,111.737,49.0711,-74.8663,83.9106,38.9588,64.9099
161,8.66898,93.5233,109.876,47.6207,-75.1425,94.1683,40.5115,65.4174
162,2.36124,99.0914,107.529,45.7178,-1.71259,104.489,47.1538,69.4577
163,75.1194,104.521,110.31,47.3294,-44.5865,114.776,50.2987,71.084
164,74.7499,109.962,112.881,48.8766,-45.2879,125.045,53.1585,72.4716
165,75.2241,116.424,116.254,51.3676,-45.5209,135.229,55.7214,73.5909
166,74.1397,123.343,119.741,54.1381,-46.3684,145.366,58.003,74.4599
167,73.942,130.226,122.936,56.7472,-48.1664,155.534,60.0274,75.1165
168,73.1093,137.49,126.204,59.5619,-0.211794,165.598,65.1704,77.8958
169,72.9296,145.062,129.517,62.5363,-0.361819,175.741,70.0158,80.5347
170,73.0365,153.206,133.137,65.9222,-0.48047,82.9897,74.5392,82.9897
171,72.6168,162.216,137.28,69.9506,-0.572083,93.2873,78.8582,85.3638
172,72.1504,172.168,141.976,74.6512,-49.8409,103.581,79.4222,85.103
173,73.0987,172.521,137.483,70.041,-49.0362,113.884,80.0125,84.7816
174,73.7786,173.441,133.879,66.234,-48.6208,124.189,80.591,84.3753
175,72.6613,174.773,130.833,62.9409,-48.4598,134.436,81.0875,83.8057
176,73.1841,176.493,128.397,60.2283,-0.531736,144.717,84.9355,85.5539
177,73.5086,178.802,126.702,58.2397,-48.3603,154.99,85.1587,84.7676
178,72.9592,56.8577,125.598,56.8577,-0.768485,165.282,88.7158,86.2681
179,73.3886,60.1462,125.002,55.9913,-47.4471,175.602,88.7815,85.3361
180,73.7799,63.8697,124.879,55.6145,-1.02766,175.654,82.5431,76.8596
181,74.2621,67.7163,124.913,55.4143,-45.1431,175.757,73.7006,66.5999
182,75.3746,71.513,124.976,55.2498,-0.105327,175.856,68.6263,58.967
183,74.7884,75.5142,125.184,55.2754,-44.4087,175.977,60.8272,49.4882
184,74.8078,79.4874,125.353,55.2904,-44.0954,176.051,53.5508,40.3595
185,3.61455,83.5061,120.569,51.8392,-74.6512,176.169,44.6866,30.1278
186,10.396,87.5006,116.572,48.8373,-0.534761,176.242,41.5887,23.9352
187,17.177,91.3263,113.172,46.1226,-74.7423,176.311,33.5098,14.3554
188,20.5036,95.0161,110.117,43.5502,-74.6699,176.397,26.0174,5.18689
189,22.8724,98.5802,107.324,41.0815,-74.5477,176.475,19.0508,-3.60315
190,25.5551,101.925,104.711,38.6439,-74.2206,176.559,12.5992,-12.0014
191,29.6094,105.046,102.356,36.3016,-74.2242,176.615,6.57384,-20.0681
192,35.5558,107.839,100.278,34.0533,-73.6529,176.649,0.9898,-27.776
193,40.4068,110.047,98.1402,31.5988,-72.9525,176.655,-4.18103,-35.1402
194,44.3755,111.687,95.9019,28.9316,-0.777101,176.741,-3.86208,-38.5297
195,45.5893,112.413,93.0556,25.6016,-71.791,176.837,-8.52821,-45.2181
196,46.2684,122.68,99.3284,31.5579,-72.6362,-41.9726,-3.46834,-41.9726
197,45.9271,132.139,104.388,36.4472,-71.7359,-31.728,1.28046,-38.8937
198,46.1,140.851,108.409,40.4023,-72.7248,-21.5217,5.59188,-36.081
199,40.6102,148.824,111.078,43.1956,-73.3806,-11.4044,9.47293,-33.5565
200,37.3668,156.207,112.784,45.1264,-72.2182,-1.14592,13.2949,-31.0017
201,30.2631,163.257,113.564,46.2873,-75.2118,9.13357,16.6594,-28.7391
202,25.1058,169.936,113.584,46.7696,-73.3461,19.4348,19.9392,-26.5179
203,23.1448,176.455,113.316,46.956,-0.0992637,29.6538,28.0401,-20.9109
204,18.9178,46.6976,112.568,46.6976,-75.1818,39.8847,30.3293,-19.2583
205,13.4299,52.9673,111.459,46.1243,-0.716107,50.1461,37.6992,-14.032
206,9.55615,59.2612,110.179,45.3821,-74.5791,60.4174,39.3921,-12.6901
207,4.52908,65.4432,108.533,44.2878,-0.248446,70.728,46.2061,-7.76292
208,74.5666,71.5965,111.878,46.646,-44.3208,81.0372,49.4568,-5.24874
209,74.4794,77.8651,115.09,49.0166,-44.6964,91.3327,52.4408,-2.92839
210,71.543,84.6677,118.368,51.6556,-47.7016,101.628,55.0054,-0.910205
211,72.657,91.7349,121.741,54.4911,-0.561901,111.868,60.6394,3.24483
212,72.7441,99.5528,125.582,57.9186,-0.112409,122.096,65.8982,7.19807
213,73.5245,108.032,129.823,61.8591,-0.595948,132.266,70.7021,10.8732
214,72.4811,117.211,134.345,66.2283,-0.7686,142.436,75.1571,14.3461
215,73.2051,126.996,139.166,71.0012,-1.06367,152.675,79.3437,17.6862
216,72.2793,127.311,134.777,66.4912,-47.5776,162.967,80.0312,18.596
217,72.498,128.19,131.235,62.7539,-0.323638,173.263,83.9812,21.7353
218,72.9737,129.378,128.261,59.5298,-0.991342,173.289,78.0574,14.9069
219,73.2636,131.097,126.01,56.9955,-0.354624,173.32,72.5974,8.43696
220,73.3941,133.208,124.29,54.9809,-0.673486,173.378,67.5221,2.28823
221,73.9099,135.617,123.004,53.3908,-0.232536,173.406,62.8053,-3.56708
222,73.0896,138.266,121.974,52.0634,-0.849363,173.495,58.4328,-9.12912
223,73.8987,141.334,121.462,51.275,-0.323789,173.542,54.3636,-14.4033
224,2.66745,144.706,116.282,47.316,-74.6467,173.605,45.3909,-23.0615
225,0.242561,148.219,111.426,43.5305,-0.39575,173.715,42.2884,-27.6182
226,4.88276,151.836,107.332,40.2221,-0.821445,173.792,39.3422,-31.9763
227,9.39226,155.574,103.952,37.3831,-74.7036,173.891,31.4517,-39.7189
228,14.4144,159.331,101.179,34.9247,-0.669947,173.983,29.2882,-43.4614
229,17.3304,163.093,98.8078,32.716,-74.6105,174.066,22.093,-50.6423
230,22.9556,166.799,96.9453,30.8302,-74.6671,174.166,15.4122,-57.4758
231,28.9957,170.31,95.4541,29.143,-74.1776,174.26,9.22876,-63.968
232,34.5325,173.406,94.0691,27.4193,-73.6872,174.409,3.56294,-70.0715
233,36.7324,175.918,92.3913,25.3375,-73.1822,174.601,-1.63093,-75.8143
234,40.9927,178.043,90.7695,23.1645,-73.0102,174.618,-6.61162,-81.4843
235,36.9282,179.621,88.4678,20.4351,-3.04491,174.721,-6.26629,-83.2773
236,45.6064,17.772,86.4328,17.772,-72.0775,-78.588,-1.2548,-78.588
237,46.1102,17.8951,83.7247,14.4127,-71.6656,-68.2699,3.41234,-74.1376
238,46.7867,27.8177,90.367,20.607,-72.712,-68.2258,-1.87538,-79.7109
239,42.8849,37.0798,95.657,25.7031,-72.8134,-68.2058,-6.8224,-85.0243
240,40.9003,45.8738,100.002,30.0181,-73.217,-68.2028,-11.4672,-90.1021
241,39.3146,54.2821,103.574,33.6862,-73.5558,-57.9186,-6.24919,-85.1555
242,37.3396,62.3837,106.472,36.7917,-73.5167,-47.686,-1.44161,-80.4866
243,39.7744,70.0688,108.95,39.4668,-73.0892,-37.5043,3.01212,-76.0716
244,35.7076,76.9828,110.253,41.0788,-1.55392,-27.1832,12.2911,-68.1995
245,30.8498,83.5366,110.79,42.021,-73.9207,-16.8859,15.8327,-64.2591
246,26.1782,89.7511,110.647,42.355,-74.6075,-6.56474,19.1006,-60.5312
247,21.0283,95.6772,109.885,42.1296,-0.502692,3.73743,27.3094,-53.3544
248,15.8474,101.384,108.61,41.431,-75.133,14.0399,29.7197,-50.174
249,12.1225,106.883,106.969,40.3608,-0.304444,24.341,37.1981,-43.4761
250,5.37099,112.266,104.864,38.8743,-75.0936,34.6224,38.8993,-40.786
251,75.5627,117.586,107.76,40.8395,-0.0136666,44.9271,45.7588,-34.5272
252,75.5397,122.845,110.395,42.6812,-44.7917,55.1991,48.9733,-30.7885
253,75.0061,128.015,112.726,44.3488,-45.5803,65.4066,51.8475,-27.3509
254,74.2584,134.118,115.71,46.814,-0.0560626,75.6177,57.7106,-21.8444
255,71.9399,141.073,119.114,49.877,-47.8908,85.7141,59.7081,-19.0643
256,71.275,148.807,122.958,53.5171,-0.83314,95.848,64.8948,-14.085
257,72.9341,157.663,127.692,58.1426,-49.4809,105.955,66.2879,-11.7688
258,72.8124,167.426,132.93,63.409,-49.8545,116.047,67.5434,-9.63524
259,73.2708,167.718,129.025,59.4436,-49.601,126.159,68.7479,-7.61116
260,73.4882,168.768,126.114,56.4185,-1.16185,136.296,73.2814,-3.30861
261,73.3377,170.306,123.85,54.0161,-0.884872,146.514,77.5926,0.875757
262,73.4297,172.109,121.998,52.0059,-0.3558,156.791,81.6939,4.93305
263,73.5658,174.014,120.379,50.2185,-0.211103,156.814,75.9817,-0.95522
264,73.8898,175.963,118.937,48.5989,-0.490457,156.93,70.7361,-6.47608
265,73.0203,178.425,118.013,47.5261,-46.7716,157.001,62.5771,-14.05
266,73.6452,46.8372,117.471,46.8372,-45.982,157.112,55.081,-21.206
267,73.6006,49.6792,117.043,46.2866,-45.4094,157.204,48.1325,-28.0201
268,74.1073,52.7357,116.88,46.0173,-0.00348969,157.307,44.8582,-32.2605
269,73.7423,55.6921,116.61,45.6708,-44.6928,157.388,38.6656,-38.4935
270,74.1467,58.731,116.464,45.4675,-44.3444,157.465,32.9262,-44.4091
271,74.5193,61.8903,116.466,45.436,-44.0853,157.547,27.6114,-50.0115
272,0.457645,65.2255,111.447,41.9395,-74.5676,157.632,20.5379,-56.836
273,5.22453,68.7418,107.281,38.9869,-0,157.707,19.1707,-59.6622
274,11.6469,72.3191,103.914,36.5234,-74.731,157.791,12.6756,-65.98
275,16.603,75.8355,101.072,34.3465,-74.3613,157.863,6.64974,-71.9865
276,19.3871,79.2474,98.5275,32.3001,-0,157.947,6.26257,-74.0111
277,23.4996,82.5314,96.3296,30.425,-74.245,158.029,0.703,-79.5381
278,26.8648,85.6269,94.3459,28.6223,-74.2428,158.088,-4.48865,-84.8103
279,31.758,88.4583,92.598,26.8979,-73.9603,158.151,-9.293,-89.7939
280,34.7942,90.9462,90.8654,25.0856,-73.599,158.188,-13.7601,-94.5252
281,37.8351,92.9492,89.0161,23.057,-73.1949,168.524,-8.30722,-89.1973
282,42.2888,94.6077,87.2876,21.0285,-0.0354886,168.597,-7.66071,-90.2677
283,44.7561,95.6776,85.3054,18.6912,-72.4774,168.681,-12.1195,-94.7601
284,45.3321,96.0505,82.8541,15.8564,-72.5126,168.756,-16.2777,-99.0244
285,46.8099,106.029,89.6108,22.3918,-72.3554,168.796,-20.166,-103.08
286,48.687,115.192,95.2677,27.9485,-71.5842,179.085,-14.1961,-97.12
287,48.4051,123.378,99.6006,32.307,-71.8931,-91.5701,-8.78593,-91.5701
288,45.0157,130.656,102.548,35.4344,-72.3625,-81.297,-3.68237,-86.1915
289,35.1416,137.409,104.11,37.4301,-1.15701,-71.064,6.01113,-77.5843
290,29.9968,143.797,104.863,38.7259,-74.1152,-60.8135,9.93528,-72.9194
291,26.3062,149.888,105.029,39.4833,-0.257259,-50.485,18.8272,-64.764
292,22.0209,155.723,104.644,39.7355,-0.0385456,-40.2096,27.0628,-56.9921
293,17.6026,161.337,103.772,39.5152,-75.1512,-29.865,29.5283,-53.2162
294,12.5502,166.784,102.453,38.8823,-0.170909,-19.5368,37.0546,-45.9514
295,4.10358,172.211,100.615,37.8026,-75.2326,-9.16031,38.8446,-42.6867
296,75.1054,177.702,103.936,40.3347,-0.0821421,1.1574,45.7152,-35.9334
297,74.8603,42.8178,107.058,42.8178,-45.2391,11.4717,48.9407,-31.711
298,74.3225,48.5906,110.135,45.3968,-45.8675,21.7465,51.8597,-27.779
299,73.9326,54.6964,113.279,48.1745,-46.6646,31.9525,54.4546,-24.1602
300,72.0455,61.5889,116.803,51.4945,-0.479319,42.0981,60.0446,-18.513
301,71.6553,69.3102,120.824,55.4365,-50.0941,52.253,61.779,-15.5737
302,72.5193,78.4081,125.903,60.5509,-49.4019,62.4131,63.4452,-12.7711
303,72.2567,88.4554,131.492,66.3112,-0.364543,72.5724,68.4266,-7.71891
304,72.6651,89.1244,127.996,62.9012,-49.1644,82.7015,69.6154,-5.34656
305,72.4659,90.5475,125.433,60.3755,-48.5909,92.887,70.8134,-3.04986
306,72.6813,92.5028,123.559,58.5022,-0.0155658,103.124,75.3754,1.54116
307,73.3741,94.6919,122.081,56.9912,-0.0189521,113.364,79.621,5.90746
308,73.914,97.2868,121.123,55.9669,-0.107568,123.682,83.6363,10.1036
309,73.7036,100.167,120.482,55.2818,-0.0401574,123.687,77.7832,4.29645
310,74.4112,103.463,120.323,55.08,-45.461,123.768,69.2316,-3.39821
311,74.925,107.205,120.625,55.3528,-44.6502,123.876,61.3601,-10.6877
312,75.151,110.933,120.908,55.6309,-44.1208,124,54.0924,-17.6014
313,4.65425,114.653,116.231,52.4196,-74.8394,124.075,45.1366,-25.7669
314,6.63251,118.438,112.078,49.4843,-74.7493,124.161,36.8242,-33.556
315,9.94951,122.154,108.385,46.7525,-0.142347,124.231,34.302,-37.3262
316,15.29,125.638,105.108,44.1668,-74.2581,124.315,26.7805,-44.5245
317,16.2744,129.184,102.188,41.7875,-0.842246,124.407,24.9328,-47.7617
318,19.554,132.667,99.643,39.6061,-74.5219,124.473,18.0323,-54.4599
319,23.0796,136.089,97.466,37.6309,-74.4493,124.558,11.6381,-60.8227
320,27.0138,139.396,95.6098,35.8251,-74.3979,124.635,5.68699,-66.8891
321,31.1301,142.505,93.9876,34.1146,-74.217,124.72,0.172938,-72.6471
322,35.0765,145.268,92.4337,32.3532,-0.15582,124.789,0.213442,-74.4772
323,38.043,147.536,90.7356,30.3577,-73.5199,124.795,-4.94217,-79.8326
324,46.2863,149.504,89.4545,28.5899,-72.2597,124.837,-9.61509,-84.8211
325,50.2777,150.846,87.9601,26.5265,-72.2722,135.092,-4.46372,-79.8453
326,50.611,151.391,85.8521,23.8458,-71.829,145.256,0.272645,-75.1734
327,49.5772,161.531,92.743,30.3913,-71.5836,155.365,4.64395,-70.7699
328,46.4023,171.014,98.3191,35.8506,-72.6448,165.439,8.60283,-66.6699
329,47.3019,179.868,102.981,40.4973,-73.3342,175.509,12.2324,-62.8129
330,43.5839,44.1145,106.45,44.1145,-1.16701,-55.6138,20.6387,-55.6138
331,44.5124,51.7348,109.201,47.0226,-72.8622,-45.5902,23.4155,-52.3163
332,39.4475,58.6899,110.787,48.9212,-73.5706,-35.633,25.8867,-49.275
333,34.9557,64.7718,111.135,49.6634,-0.371262,-25.5352,33.4396,-42.6569
334,31.2451,70.5813,110.945,49.9051,-1.51296,-15.4055,40.4136,-36.3625
335,25.6944,76.5003,110.482,49.9573,-3.42332,-5.25747,46.7826,-30.4123
336,14.6916,82.3706,109.236,49.3985,-3.57641,4.93565,52.7371,-24.6912
337,9.19018,88.4874,107.922,48.7973,-75.1216,15.1859,53.3198,-22.7169
338,6.42365,94.6315,106.531,48.0785,-1.22787,25.4836,59.0782,-17.1905
339,1.77107,100.873,105.003,47.2208,-1.84714,35.7963,64.4043,-11.9383
340,75.0998,106.853,108.471,49.7405,-44.1806,46.1124,66.3973,-9.0245
341,74.3234,113.553,112.311,52.8054,-44.6166,56.3631,68.1595,-6.3703
342,72.5325,120.04,115.56,55.4449,-46.6163,66.6427,69.6852,-3.95686
343,72.8277,126.687,118.75,58.1372,-46.3237,76.8057,71.0162,-1.79606
344,73.3641,133.545,121.951,60.9369,-46.8647,86.9338,72.1837,0.156028
345,72.5565,141.032,125.457,64.1702,-47.9346,97.0121,73.1482,1.87153
346,72.0456,149.324,129.429,67.9892,-0.445049,107.141,77.4167,5.85068
347,72.0671,158.72,134.152,72.6753,-0.643113,117.442,81.5322,9.78116
348,72.9685,168.832,139.273,77.8543,-48.7906,127.765,82.0102,11.1508
349,72.7751,169.457,135.2,73.746,-0.0394849,127.816,76.3144,5.04309
350,72.5972,170.586,131.868,70.3069,-48.1856,127.879,67.6577,-3.13946
351,73.2872,172.172,129.242,67.4887,-47.5379,127.934,59.6453,-10.9596
352,73.107,174.165,127.166,65.2102,-0.04151,128,55.5286,-16.0462
353,73.1692,176.404,125.468,63.2804,-0.0370225,128.068,51.7022,-20.8759
354,73.5698,178.817,124.079,61.6529,-46.0335,128.133,44.9207,-27.7078
355,73.4675,60.3176,122.983,60.3176,-46.0462,128.205,38.6207,-34.2142
356,73.3978,63.4222,122.4,59.5085,-0.0290649,128.253,35.9591,-38.1572
357,74.2322,66.7455,122.119,59,-0.197521,128.309,33.4806,-41.8715
358,2.16036,69.7946,116.557,54.7086,-74.5873,128.392,25.9931,-49.0146
359,4.05189,72.7191,111.402,50.5563,-74.2879,128.454,19.0306,-55.8336
360,1.51634,75.6583,106.443,46.4553,-0.175423,128.536,17.7625,-58.6499
361,5.53357,78.5649,102.083,42.6861,-74.3603,128.564,11.3398,-64.9883
362,7.51462,81.533,98.2231,39.2234,-74.3766,128.634,5.40509,-70.9851
363,11.7832,84.5259,94.9557,36.1369,-74.3656,128.708,-0.109615,-76.6848
364,12.5163,87.4708,91.9237,33.1715,-1.86637,128.782,-0.16379,-78.5179
365,16.698,90.4472,89.4259,30.5694,-74.4732,128.851,-5.30177,-83.7848
366,18.6993,93.5038,87.3177,28.2508,-74.3389,128.916,-10.0734,-88.788
367,22.6874,96.5815,85.6559,26.2425,-74.6038,129.007,-14.5064,-93.5348
368,26.6385,99.6338,84.3633,24.4682,-74.3807,129.09,-18.6206,-98.0645
369,30.4325,102.575,83.3234,22.8857,-0.0752505,129.15,-17.2661,-98.6694
370,34.8051,105.403,82.5571,21.507,-74.1271,129.228,-21.1738,-102.789
371,42.5735,107.804,81.9912,20.1884,-72.8646,129.291,-24.7342,-106.629
372,49.5855,109.451,81.2545,18.5834,-71.8884,129.328,-28.0005,-110.227
373,51.3434,110.062,79.7291,16.1921,-71.2825,139.686,-21.3967,-103.767
374,51.3634,120.019,87.0032,22.8373,-71.6946,150.038,-15.2902,-97.621
375,49.6542,129.21,92.9371,28.3692,-72.5871,150.051,-19.2891,-101.626
376,47.1418,137.675,97.6038,32.833,-72.1934,160.406,-13.3623,-95.5548
377,42.7425,145.326,100.878,36.0953,-72.7647,160.412,-17.5149,-99.6293
378,39.8996,152.383,103.173,38.4943,-73.4829,170.787,-11.7842,-93.6608
379,34.1691,159.022,104.517,40.0792,-74.0325,-87.9914,-6.47054,-87.9914
380,31.1492,165.466,105.374,41.2577,-74.3649,-77.6706,-1.62484,-82.6657
381,25.1167,171.618,105.477,41.791,-75.1681,-67.3453,2.82969,-77.6331
382,21.7058,177.709,105.278,42.0554,-74.7798,-57.0407,6.98025,-72.8482
383,13.761,41.8947,104.534,41.8947,-0.0133488,-46.705,16.1029,-64.5645
384,5.94465,48.1497,103.45,41.4891,-75.3204,-36.3883,19.2978,-60.3786
385,0.292973,54.611,102.238,40.9902,-0.331181,-26.021,27.5654,-52.6461
386,74.312,61.0508,106.272,44.1259,-0.570053,-15.6408,35.2495,-45.2483
387,73.9709,67.7109,110.205,47.3263,-45.2348,-5.28882,39.2429,-40.4165
388,73.9464,74.6106,114.084,50.6185,-45.3554,5.06684,42.9518,-35.8317
389,73.8844,81.6182,117.787,53.8705,-45.3324,15.3859,46.3686,-31.5144
390,73.7327,89.0227,121.589,57.3494,-0.349135,25.7277,52.7163,-25.1729
391,73.6129,96.7486,125.416,60.9685,-0.0771665,36.0896,58.6573,-19.0928
392,73.4499,104.894,129.353,64.811,-46.5059,46.4249,60.9077,-15.6214
393,72.7078,113.334,133.237,68.7092,-0.238085,56.7554,66.2348,-10.0686
394,72.4865,122.295,137.318,72.9064,-0.545592,67.0833,71.1652,-4.79441
395,73.2723,131.924,141.791,77.5721,-48.0079,77.4298,72.4453,-2.1096
396,72.0685,142.22,146.485,82.5724,-0.188002,77.4307,67.3618,-7.06726
397,73.0015,142.884,141.959,78.2107,-48.3883,77.472,59.2978,-14.1195
398,72.5822,144.109,138.241,74.5686,-48.0085,77.5274,51.8378,-20.8252
399,72.8194,145.826,135.259,71.5893,-47.6426,77.5845,44.9273,-27.1995
400,73.0142,148.047,132.968,69.2446,-0.0381537,77.6425,41.8337,-30.9201
401,72.9587,150.887,131.408,67.6079,-47.631,77.7076,35.6317,-36.7762
402,73.5698,154.316,130.549,66.6467,-0.264246,77.7998,33.2047,-39.9799
403,74.0037,158.268,130.266,66.2579,-0.0944596,77.8815,30.9497,-42.9898
404,74.8299,162.525,130.344,66.2277,-44.515,77.9825,25.7612,-47.9923
405,4.1403,166.872,125.552,62.7861,-0.026017,78.0868,24.053,-50.5396
406,13.0631,170.93,121.452,59.6319,-74.316,78.1497,17.2257,-56.632
407,11.8019,174.596,117.186,56.1504,-1.65892,78.2253,15.9741,-58.8319
408,8.92514,178.207,112.966,52.6072,-74.7279,78.298,9.69257,-64.4914
409,7.25178,49.3686,109.17,49.3686,-0.0524089,78.3803,9.08691,-66.1707
410,14.6724,53.5606,106.454,46.8986,-75.2498,78.4729,3.26949,-71.4437
411,26.2319,57.7217,104.708,45.0839,-74.7309,78.5595,-2.11004,-76.4191
412,34.3788,61.4937,103.293,43.3778,-73.8266,78.6043,-7.08849,-81.1391
413,39.6575,64.7836,101.898,41.5468,-73.179,78.6322,-11.6889,-85.6071
414,44.0817,67.337,100.226,39.329,-72.7138,89.0091,-6.31008,-79.9781
415,47.9044,69.2401,98.3332,36.7966,-72.4931,89.0914,-10.8664,-84.3951
416,48.6739,70.3087,95.8509,33.6464,-71.936,89.1796,-15.0592,-88.5475
417,48.351,70.629,92.8237,29.9377,-72.1708,89.2446,-18.9966,-92.5138
418,47.6847,80.6164,98.9524,35.5837,-72.2674,89.2479,-22.7225,-96.3292
419,44.879,89.941,103.839,40.1908,-72.8484,99.6044,-16.5997,-90.1232
420,41.9813,98.7486,107.7,43.9412,-72.8778,109.934,-10.933,-84.234
421,42.0714,106.911,110.697,46.896,-73.1174,120.309,-5.63661,-78.5933
422,40.6354,114.553,112.9,49.1337,-73.1693,130.68,-0.719355,-73.2344
423,38.2406,121.621,114.247,50.5878,-73.497,141.044,3.8249,-68.165
424,34.8631,128.165,114.776,51.2954,-73.6958,151.374,8.00559,-63.3907
425,28.7372,134.394,114.546,51.3493,-74.8521,161.679,11.7887,-58.9445
426,24.517,141.276,114.644,51.1446,-0.959754,173.314,21.7171,-50.4314
427,18.6917,147.159,113.399,50.3046,-0.296364,-42.8868,29.7792,-42.8868
428,16.5341,152.926,111.982,49.2783,-0.398945,-32.6205,37.2143,-35.7233
429,6.78637,158.676,109.966,47.7743,-75.7267,-22.2669,38.9373,-32.5521
430,75.0225,164.385,112.829,49.6818,-0.0613288,-11.9638,45.7893,-25.8439
431,74.7541,170.038,115.421,51.4453,-44.9927,-1.64764,49.0286,-21.6748
432,74.7742,175.645,117.79,53.1058,-45.2214,8.59521,51.9569,-17.8097
433,74.5166,55.2484,120.521,55.2484,-0.239495,18.8524,57.8423,-11.9104
434,74.671,61.6249,123.242,57.4846,-46.3936,29.0454,60.0254,-8.64711
435,74.4194,68.3263,126.057,59.9232,-46.7774,39.1816,61.9758,-5.65119
436,73.9602,75.4199,129.007,62.6001,-47.9874,49.2741,63.6645,-2.94608
437,72.7392,83.3446,132.438,65.8876,-0.514183,59.4235,68.6109,1.99903
438,72.1333,92.3098,136.555,69.9764,-0.402524,69.6996,73.3366,6.82193
439,72.7021,102.209,141.291,74.7791,-0.16154,79.9903,77.7622,11.4243
440,73.7332,102.304,136.651,70.0447,-0.911759,79.9938,72.2583,5.94172
441,72.7132,102.905,132.734,66.0007,-48.9734,80.0491,63.8235,-1.58704
442,72.9713,104.095,129.657,62.7422,-0.0439453,80.1056,59.4053,-6.35069
443,73.0798,105.824,127.305,60.1744,-0.143684,80.1624,55.2897,-10.8757
444,73.1173,108.141,125.666,58.3041,-0.17811,80.2464,51.485,-15.1444
445,73.4996,110.956,124.633,57.0331,-47.8079,80.3644,44.6443,-21.5151
446,73.8327,114.062,123.966,56.1306,-46.7577,80.4521,38.3278,-27.5734
447,73.6254,117.394,123.54,55.4968,-0.0662444,80.5239,35.7069,-31.0476
448,73.9927,121.036,123.459,55.2231,-46.0795,80.6143,30.0659,-36.5835
449,74.2845,124.965,123.671,55.2681,-45.4483,80.7225,24.8806,-41.8045
450,74.644,128.983,123.975,55.4288,-0.0207279,80.8244,23.2323,-44.5292
451,0.711385,133.074,119.152,52.0119,-75.0326,80.9061,16.4297,-50.8083
452,2.75786,137.236,114.874,48.8854,-74.9143,80.987,10.1108,-56.7935
453,3.80078,141.536,111.099,46.0566,-0.586336,81.0794,9.44797,-58.8094
454,8.66904,146.042,108.119,43.7622,-75.6253,81.1566,3.56459,-64.4026
455,14.7114,150.74,105.95,42.0318,-75.3218,81.2285,-1.89057,-69.7184
456,27.0226,155.302,104.667,40.8413,-74.4673,81.2705,-6.93192,-74.763
457,31.4466,159.659,103.594,39.7229,-75.2731,81.3253,-11.6648,-79.5835
458,38.3858,163.694,102.782,38.6829,-73.8511,81.3492,-15.9956,-84.1277
459,43.2365,167.379,102.04,37.606,-0.286754,81.4345,-14.8166,-84.7359
460,48.0501,170.479,101.144,36.2692,-72.5223,81.5327,-18.7648,-88.7976
461,49.4399,172.862,99.7411,34.397,-73.066,81.656,-22.4512,-92.6459
462,51.3297,174.572,97.9424,32.0798,-72.4296,81.7479,-25.8642,-96.2892
463,51.6455,175.581,95.6402,29.249,-72.285,81.8034,-29.062,-99.7534
464,50.1012,175.812,92.6678,25.7635,-72.5303,92.0195,-22.6039,-93.3748
465,51.26,31.7667,99.0204,31.7667,-0.49084,102.279,-11.5144,-83.6884
466,47.0251,41.187,104.142,36.7781,-0.587036,112.503,-1.24096,-74.4459
467,47.2529,50.1593,108.504,41.1386,-73.0056,122.738,3.25336,-69.1608
468,48.497,58.7334,112.277,44.9566,-72.014,122.794,-1.96326,-73.7814
469,48.9291,66.5243,115.088,47.8805,-72.8262,133.114,2.67409,-68.4416
470,47.5966,73.6658,117.005,49.9766,-73.0851,143.38,6.91818,-63.435
471,41.6068,80.289,117.887,51.1798,-73.4688,153.584,10.781,-58.7608
472,36.6937,86.2867,117.781,51.4771,-0.0241356,163.878,19.5984,-50.6155
473,27.7009,91.9797,116.77,51.0111,-0.631668,174.188,27.7703,-42.843
474,22.1851,97.5074,115.29,50.1123,-75.2563,-39.0994,30.1556,-39.0994
475,16.0727,103.033,113.484,48.9198,-0.662021,-28.7587,37.6151,-31.8746
476,9.89593,108.603,111.413,47.5044,-75.4809,-18.4456,39.2896,-28.6921
477,4.68091,114.276,109.217,45.9633,-75.1857,-8.12207,40.8772,-25.6861
478,75.1412,120.084,112.233,48.0728,-43.9943,2.19633,44.5323,-21.3366
479,74.7923,126.076,115.185,50.2631,-44.3329,12.522,47.9146,-17.23
480,74.5856,132.048,117.897,52.3367,-44.7848,22.8274,51.0097,-13.3948
481,75.1529,137.86,120.31,54.2053,-44.6521,33.0741,53.8428,-9.82558
482,72.397,144.003,122.67,56.1814,-0.547567,43.3672,59.6081,-4.23876
483,74.031,150.253,125.077,58.2576,-47.4,53.5798,61.6152,-1.31597
484,73.8262,156.961,127.728,60.67,-47.9046,63.7465,63.4038,1.35089
485,73.8067,164.405,130.876,63.6732,-0.203624,73.8807,68.3762,6.16714
486,73.5497,172.458,134.353,67.1048,-49.1075,84.1281,69.6824,8.43096
487,71.6583,71.2018,138.359,71.2018,-0.923439,84.1512,64.7614,3.19008
488,73.5571,81.0565,142.987,75.9677,-0.287598,84.1706,60.2261,-1.77826
489,72.9549,81.2783,138.292,71.3214,-0.058099,84.2141,56.0467,-6.45315
490,73.3614,82.1342,134.542,67.5295,-49.3982,84.2846,48.7311,-13.3034
491,73.3428,83.5633,131.587,64.471,-48.9898,84.3473,41.9489,-19.8386
492,73.4222,85.4954,129.313,62.0555,-48.7313,84.3981,35.6485,-26.0745
493,73.352,87.9662,127.693,60.2797,-0.0951576,84.4547,33.1991,-29.6126
494,73.4098,91.0193,126.733,59.1595,-0.0896722,84.5351,30.9437,-32.9264
495,73.7039,94.507,126.264,58.5355,-0.181535,84.6113,28.8357,-36.055
496,74.1695,98.3158,126.16,58.2847,-0.173133,84.7008,26.8884,-38.9827
497,74.253,102.406,126.331,58.3326,-45.9891,84.7901,21.87,-43.9945
498,74.6088,106.777,126.775,58.6762,-44.9222,84.906,17.3023,-48.6827
499,74.9703,111.277,127.334,59.1591,-0,85.011,16.1889,-50.9265
500,4.8406,115.75,122.919,56.1411,-75.2845,85.0861,9.85552,-56.7607
501,9.39005,119.944,118.872,53.186,-74.7865,85.166,4.00492,-62.2936
502,10.622,124.008,115.074,50.2732,-74.8527,85.2308,-1.45484,-67.5834
503,14.5608,128.276,112.008,47.8292,-75.0094,85.3071,-6.53271,-72.6422
504,20.7349,132.489,109.537,45.7527,-75.0031,85.3972,-11.2419,-77.4154
505,25.4572,136.592,107.467,43.8872,-74.7908,85.4788,-15.6145,-81.9456
506,30.4039,140.572,105.774,42.2203,-74.6968,85.5591,-19.6755,-86.2462
507,35.1971,144.333,104.331,40.6554,-74.3272,85.6344,-23.4311,-90.308
508,40.068,147.814,103.07,39.1378,-73.903,85.6987,-26.9043,-94.144
509,43.7168,150.836,101.726,37.4407,-73.586,85.7655,-30.11,-97.7529
510,46.5319,153.414,100.259,35.5463,-73.452,85.8079,-33.1044,-101.181
511,49.7542,155.512,98.6754,33.4584,-73.0325,85.8624,-35.8487,-104.383
512,51.7196,156.945,96.7214,30.9295,-72.7047,85.9148,-38.3799,-107.408
513,52.4463,157.706,94.3299,27.9619,-72.4493,85.9612,-40.7216,-110.224
514,53.6349,157.788,91.5576,24.5824,-72.4143,86.0098,-42.8948,-112.857
515,53.319,167.496,97.9093,30.5296,-72.4397,86.0514,-44.9244,-115.332
516,52.8959,176.503,103.134,35.5188,-72.4741,86.0585,-46.8462,-117.678
517,52.295,39.5942,107.312,39.5942,-72.4056,96.3892,-39.0279,-110.048
518,50.9877,47.1425,110.389,42.6828,-72.6411,106.702,-31.7896,-102.79
519,47.7169,54.0365,112.413,44.8443,-73.3306,116.994,-25.1259,-95.9159
520,43.325,60.4195,113.513,46.1972,-73.9271,127.288,-18.9686,-89.3898
521,34.4414,66.468,113.603,46.7251,-74.869,137.564,-13.3255,-83.2351
522,27.0428,72.5845,113.232,46.9081,-75.0935,147.772,-8.15549,-77.4576
523,25.0345,78.7355,112.779,46.9834,-1.77673,157.974,1.77924,-68.3572
524,19.9754,84.8622,111.981,46.751,-0.155035,168.223,11.1752,-59.5296
525,15.2911,90.9269,110.852,46.225,-1.30968,178.487,19.8468,-51.1167
526,9.76121,97.0425,109.464,45.4838,-75.1843,-46.7035,22.7535,-46.7035
527,6.46077,103.148,107.932,44.5563,-1.15668,-36.3656,30.6941,-38.8314
528,75.1527,109.237,111.3,47.0263,-0.365513,-26.0111,38.1495,-31.255
529,74.5265,115.35,114.411,49.4054,-44.5679,-15.6786,41.9686,-26.2216
530,74.0663,121.579,117.38,51.7808,-45.1115,-5.37839,45.4521,-21.5082
531,72.5303,128.205,120.402,54.362,-0.0572323,4.91751,51.8417,-14.8232
532,73.5717,134.961,123.407,57.0056,-46.58,15.1501,54.4685,-10.8183
533,73.566,142.013,126.477,59.816,-46.6961,25.3813,56.9019,-7.05096
534,73.3989,149.252,129.493,62.6703,-46.7822,35.5616,59.1118,-3.55729
535,73.6987,156.617,132.438,65.5288,-0.0781776,45.7372,64.4317,2.02987
536,73.5348,164.222,135.386,68.4743,-0.133235,55.932,69.3934,7.3562
537,73.1994,172.206,138.459,71.6229,-0.286002,66.1845,74.0506,12.4585
538,72.9689,75.0794,141.763,75.0794,-0.450363,76.4982,78.4273,17.3479
539,73.2005,84.2035,145.449,78.9858,-0.0408783,86.8284,82.5416,22.016
540,73.5828,93.8971,149.434,83.251,-49.3967,86.833,73.3102,14.1751
541,73.1171,104.135,153.613,87.792,-49.4888,97.1405,74.3003,16.4535
542,73.7411,104.613,148.466,82.8486,-0.137591,107.427,78.656,20.9799
543,73.9263,105.43,144.008,78.4741,-49.3379,107.47,69.7361,13.0939
544,72.9018,106.893,140.391,74.8737,-0.143488,107.521,64.8922,7.97956
545,73.3861,108.895,137.563,71.9883,-0.112426,107.578,60.3954,3.12009
546,73.5979,111.421,135.434,69.7539,-0.00792503,107.655,56.2387,-1.47899
547,73.4714,114.428,133.894,68.0835,-0.0232862,107.75,52.3882,-5.83482
548,73.9458,117.789,132.823,66.8618,-47.1236,107.838,45.5041,-12.3031
549,74.1057,121.317,131.994,65.8707,-0.175157,107.944,42.4054,-16.1485
550,74.2463,125.01,131.386,65.1017,-45.2861,108.035,36.3519,-22.0308
551,74.671,128.663,130.813,64.3628,-0.196755,108.145,33.8956,-25.3975
552,74.6352,132.168,130.141,63.5265,-43.9488,108.252,28.546,-30.7406
553,1.49842,135.524,124.256,58.9847,-74.5662,108.336,21.4066,-37.3664
554,3.30697,138.796,118.833,54.6261,-74.4973,108.404,14.7564,-43.71
555,4.04678,142.153,113.92,50.5544,-0.0633765,108.497,13.8049,-46.0665
556,7.06829,145.584,109.631,46.8611,-74.57,108.564,7.68115,-51.9693
557,9.10576,149.1,105.865,43.4952,-74.9938,108.664,1.98687,-57.5914
558,11.0623,152.92,102.78,40.6465,-0.696938,108.77,1.89804,-59.2765
559,22.4763,156.774,100.744,38.5113,-74.0398,108.863,-3.33139,-64.4593
560,19.7701,160.689,98.7163,36.3897,-0,108.957,-3.01107,-65.7368
561,26.8689,164.712,97.4287,34.813,-0.313557,109.037,-2.74703,-66.9174
562,32.8641,168.667,96.587,33.5342,-74.8238,109.093,-7.74089,-71.6875
563,35.5704,172.49,95.8709,32.3272,-74.5897,109.155,-12.3622,-76.2057
564,41.7737,176.069,95.4128,31.2582,-0.100779,109.224,-11.44,-76.8126
565,46.7902,179.22,94.9397,30.0919,-73.1209,109.232,-15.7504,-80.9855
566,54.5005,28.9588,94.6295,28.9588,-2.39586,109.324,-14.7296,-81.3714
567,58.511,30.9776,93.9787,27.4495,-71.6313,109.368,-18.6724,-85.1304
568,59.8344,32.0974,92.6299,25.2508,-71.6212,109.384,-22.3637,-88.7194
569,61.599,32.1915,90.5453,22.3071,-71.446,119.651,-16.2512,-82.3603
570,57.4003,41.7163,97.0832,28.3005,-1.71939,129.899,-5.70317,-72.8796
571,55.495,50.6029,102.437,33.3271,-0.146914,140.147,4.21639,-63.7217
572,53.2069,58.8186,106.631,37.3747,-1.49948,150.413,13.3639,-55.0075
573,51.8051,66.4919,109.929,40.6488,-72.4776,160.667,16.8912,-50.1961
574,49.949,73.5264,112.273,43.0648,-73.2217,170.892,20.0927,-45.7139
575,43.9443,79.8348,113.357,44.3832,-0.349901,-37.8195,28.2259,-37.8195
576,40.0781,85.6778,113.661,44.9953,-74.7548,-27.5037,30.6109,-33.9338
577,31.3944,91.3409,113.169,44.9818,-74.7594,-17.2068,32.8111,-30.2877
578,23.0633,97.2183,112.328,44.7501,-75.8834,-6.98166,34.7119,-26.985
579,18.9774,103.276,111.427,44.4801,-74.9756,3.21497,36.5166,-23.8717
580,18.6239,109.278,110.512,44.1296,-0.796654,13.4081,43.3843,-17.2966
581,16.1098,115.169,109.383,43.5467,-0.473389,23.635,49.8252,-10.9806
582,5.80695,121.152,107.697,42.5447,-2.10587,33.8949,55.7318,-5.01768
583,74.7677,127.345,111.151,45.1688,-0.318029,44.1897,61.3825,0.778097
584,74.016,133.78,114.536,47.8801,-0.0456809,54.5064,66.677,6.31779
585,73.901,140.671,118.1,50.8777,-0.0356073,64.8979,71.6713,11.6212
586,73.879,147.753,121.591,53.9339,-45.5137,75.257,73.1023,14.3761
587,74.2283,155.399,125.386,57.4317,-44.9699,85.5651,74.4238,16.9374
588,73.8898,163.15,128.991,60.86,-44.8163,95.8563,75.6477,19.3104
589,73.7223,170.922,132.35,64.1421,-45.3257,106.139,76.7427,21.4748
590,74.3128,178.552,135.383,67.166,-45.5707,116.374,77.699,23.4141
591,74.1069,70.0716,138.227,70.0716,-45.7593,126.599,78.5659,25.1722
592,73.6649,77.7001,140.802,72.7755,-46.4182,136.811,79.3144,26.734
593,73.6792,85.3034,143.175,75.3159,-0.0893672,147.038,83.2677,30.4487
594,73.593,93.019,145.48,77.8407,-47.7972,157.263,83.6019,31.5993
595,73.9343,101.261,148.136,80.7524,-48.3628,167.507,83.8916,32.6096
596,73.3414,110.157,151.175,84.1108,-48.9349,177.753,84.1225,33.4732
597,74.4157,119.507,154.497,87.7756,-1.74656,36.5584,87.6488,36.5584
598,72.1366,129.551,158.072,91.7965,-49.7998,26.2955,68.4829,17.5799
599,74.3226,129.884,152.52,86.476,-0.82716,36.6137,73.2272,21.4594
600,73.4619,130.84,147.874,81.958,-0.290126,46.8816,77.6301,25.1078
601,73.1116,132.463,144.151,78.2738,-0.0780102,57.1324,81.7238,28.5469
602,72.7445,134.729,141.259,75.3589,-49.5602,67.384,82.0678,29.3457
603,73.8841,137.638,139.249,73.2491,-0.602622,77.6745,85.851,32.4832
604,73.8265,141.115,137.903,71.7849,-47.9143,87.9892,86.0802,33.1251
605,74.3901,144.736,136.824,70.5597,-1.05879,88.0162,80.0055,26.1976
606,74.7246,148.31,135.802,69.3707,-0.248681,88.0856,74.4523,19.6671
607,73.9592,151.822,134.738,68.1443,-0.135286,88.2093,69.3463,13.4954
608,74.4106,155.374,133.818,67.0481,-44.7357,88.3177,61.4613,5.40088
609,74.4953,158.944,132.987,66.0345,-44.2008,88.4112,54.152,-2.32788
610,1.67305,162.526,127.125,61.4908,-0.663986,88.4951,50.3929,-7.56902
611,3.20096,166.118,121.791,57.2042,-74.5095,88.5563,41.7066,-16.2141
612,6.70306,169.663,117.032,53.2062,-74.7114,88.6379,33.6332,-24.4789
613,8.2987,173.21,112.72,49.4444,-0.401558,88.7037,31.3119,-28.7238
614,11.6058,176.817,108.996,46.0534,-74.7644,88.7852,23.9624,-36.3898
615,14.0995,43.0138,105.801,43.0138,-0.313066,88.8606,22.3332,-40.0422
616,18.2887,46.8153,103.21,40.3973,-74.6785,88.9344,15.611,-47.1512
617,22.5467,50.7138,101.19,38.1918,-75.0958,89.0263,9.34705,-53.9384
618,26.1918,54.6838,99.6318,36.33,-0.378221,89.1075,8.74179,-56.7268
619,31.6917,58.6355,98.5511,34.7961,-74.8053,89.1604,2.9427,-63.0401
620,39.147,62.4564,97.9462,33.5598,-74.5616,89.2238,-2.42361,-69.0514
621,45.6058,65.9231,97.5064,32.3673,-73.7582,89.2721,-7.37216,-74.7509
622,50.0527,68.6419,96.7131,30.7783,-72.081,99.5065,-2.38378,-70.3768
623,56.9281,70.4775,95.6353,28.7904,-71.3353,109.667,2.23885,-66.2492
624,59.0273,71.2265,93.7693,25.996,-71.2328,119.779,6.4998,-62.3731
625,57.1544,81.2613,100.539,32.0925,-71.5268,129.848,10.4019,-58.7652
626,53.0942,90.4545,105.767,36.9209,-1.90825,139.88,18.8701,-51.9278
627,50.7962,99.147,110.003,40.9391,-0.661227,149.976,26.8924,-45.2563
628,46.3027,107.606,113.411,44.3248,-1.78022,160.201,34.3948,-38.8047
629,45.7169,115.844,116.334,47.3069,-73.6363,160.22,26.8501,-45.8927
630,44.8025,123.577,118.518,49.6142,-73.0959,170.528,29.4408,-42.8474
631,41.4345,131.031,120.055,51.3724,-74.7226,-40.1566,31.6424,-40.1566
632,38.9304,138.155,121.001,52.5979,-0.612798,-29.9617,38.8658,-33.9774
633,32.319,145.05,121.206,53.204,-74.6269,-19.7675,40.4019,-31.7343
634,26.5651,151.877,120.931,53.4127,-74.734,-9.60599,41.7926,-29.6782
635,22.4499,158.739,120.419,53.3907,-74.5663,0.607264,43.1458,-27.735
636,21.5159,165.423,119.711,53.1509,-1.08743,10.7938,49.523,-22.2956
637,18.8441,171.969,118.739,52.6333,-74.5603,21.0055,50.334,-20.7121
638,15.2961,178.402,117.48,51.8266,-0.290672,31.2261,56.2955,-15.5763
639,10.2539,50.8446,116.023,50.8446,-0.168261,41.4909,61.8892,-10.6334
640,73.8948,57.3755,119.148,53.0448,-43.9062,51.8047,64.0754,-8.04085
641,74.6747,64.0704,122.261,55.3509,-43.8168,62.1122,66.1089,-5.60938
642,74.4355,70.8475,125.216,57.6277,-44.7318,62.1131,58.351,-13.1746
643,73.8797,77.84,128.125,59.9837,-45.0557,72.407,60.6858,-10.6276
644,74.1185,84.8646,130.878,62.2773,-45.0797,82.664,62.8212,-8.27528
645,73.8371,92.4642,133.952,64.9847,-0.717916,93.0223,68.0067,-3.80278
646,73.9003,100.272,137.01,67.7839,-45.9996,103.305,69.589,-1.8395
647,73.7319,108.299,140.046,70.6507,-0.119996,113.576,74.2619,2.24266
648,73.5096,116.433,142.953,73.4713,-46.3455,123.793,75.3204,3.78675
649,73.5463,124.706,145.788,76.2829,-46.7605,133.991,76.2595,5.1673
650,72.9453,133.275,148.658,79.2062,-47.3629,144.203,77.1025,6.41651
651,73.1445,142.227,151.697,82.3513,-0.130211,154.45,81.2267,9.9213
652,73.2496,151.573,154.898,85.7148,-47.6678,164.737,81.7707,10.9334
653,72.9736,161.349,158.255,89.2933,-0.405918,164.769,76.0481,4.42748
654,73.1522,171.339,161.589,92.8951,-47.4228,164.743,67.3811,-4.13687
655,73.3431,96.5647,164.956,96.5647,-0.0692638,164.712,62.6302,-9.98828
656,73.0257,96.9461,158.875,89.7519,-48.0859,164.746,54.9123,-18.8745
657,72.8396,97.7685,153.618,84.5086,-0.161676,164.794,51.1014,-23.9682
658,72.8767,99.1459,149.247,80.0642,-0.106246,164.85,47.5694,-28.753
659,73.0726,101.033,145.669,76.3211,-47.7221,164.918,40.9616,-35.6417
660,73.3776,103.285,142.704,73.1392,-0.109268,164.983,38.1472,-39.8142
661,73.4658,105.803,140.199,70.3747,-0.0294592,165.057,35.544,-43.728
662,73.6955,108.491,138.044,67.9244,-0.018106,165.12,33.1132,-47.4177
663,73.8647,111.317,136.179,65.7383,-45.5226,165.195,27.678,-53.1332
664,73.9641,114.278,134.578,63.8028,-45.1624,165.273,22.6519,-58.5351
665,74.0503,117.403,133.247,62.1324,-44.7245,165.359,18.0157,-63.6273
666,74.3401,120.767,132.252,60.7998,-44.5142,165.436,13.7106,-68.445
667,74.5271,124.471,131.656,59.8747,-44.0889,165.523,9.74508,-72.9768
668,74.2928,128.267,131.171,59.0747,-43.9839,165.593,6.04963,-77.2778
669,5.84527,132.119,125.98,54.9966,-0.331973,165.675,5.67865,-79.1492
670,13.8705,136.13,121.863,51.6257,-74.9528,165.738,0.0933032,-84.5733
671,15.6488,140.017,118.043,48.3549,-74.9257,165.812,-5.0896,-89.7111
672,19.6417,143.976,114.837,45.4861,-74.6775,165.911,-9.8683,-94.5413
673,24.39,147.895,112.15,42.9324,-0.46928,166.004,-9.12407,-95.4436
674,30.3438,151.602,109.871,40.5844,-74.1161,166.1,-13.5842,-99.8588
675,34.2809,154.998,107.738,38.2421,-0.061564,166.244,-12.5038,-100.318
676,37.1408,158,105.588,35.7794,-73.9796,166.449,-16.6165,-104.267
677,43.2339,160.772,103.801,33.5219,-73.3293,166.456,-20.5795,-108.149
678,51.4967,163.141,102.343,31.4114,-72.8258,166.583,-24.119,-111.669
679,52.7463,164.815,100.428,28.8274,-0.0877236,166.614,-22.4075,-111.466
680,55.4113,165.594,98.0019,25.6717,-71.5838,176.953,-16.2353,-104.918
681,56.3419,175.734,104.515,31.6438,-71.3543,-98.728,-10.556,-98.728
682,52.8006,36.4318,109.606,36.4318,-72.2912,-88.5734,-5.43365,-92.9633
683,46.5208,45.325,113.461,40.24,-73.13,-78.4297,-0.738748,-87.5139
684,45.405,53.823,116.6,43.4335,-0.644366,-68.2116,8.77068,-78.6659
685,45.4245,61.9035,119.133,46.077,-73.1138,-57.9595,12.5733,-73.7345
686,42.4753,69.4034,120.742,47.8901,-0.0243641,-47.7446,21.1913,-65.4685
687,38.6468,76.6816,121.764,49.2094,-73.5793,-37.5301,24.0568,-61.1886
688,34.0071,83.7416,122.187,50.0149,-74.2431,-27.4047,26.5924,-57.2511
689,25.3474,90.4352,121.633,49.9896,-74.5909,-17.1197,29.0746,-53.3892
690,20.9757,97.2655,120.939,49.8573,-74.763,-6.8666,31.3414,-49.776
691,18.5182,104.153,120.175,49.6398,-74.9217,3.36763,33.4208,-46.3887
692,19.6983,110.971,119.483,49.3947,-74.3247,13.5711,35.3678,-43.1962
693,16.6733,117.723,118.565,48.9231,-74.7644,23.7967,37.1684,-40.1898
694,12.1384,124.311,117.242,48.0659,-1.64924,34.0853,44.0195,-33.69
695,4.10491,130.995,115.539,46.9102,-74.7558,44.3808,45.2801,-31.0905
696,4.17468,137.642,113.924,45.7423,-1.00757,54.7046,51.6411,-24.9855
697,74.7825,144.31,117.386,48.1051,-43.5924,65.0105,54.5592,-21.2818
698,74.409,150.907,120.513,50.2876,-43.9984,75.3122,57.2408,-17.807
699,73.8853,157.324,123.217,52.188,-45.4183,85.5924,59.6152,-14.6175
700,74.2533,163.875,125.882,54.1574,-44.9652,95.9003,61.881,-11.5681
701,74.0092,170.546,128.455,56.1515,-46.0548,106.13,63.8392,-8.82597
702,73.6069,177.394,130.984,58.2134,-46.6894,116.269,65.5317,-6.36926
703,73.5898,60.3507,133.498,60.3507,-47.7912,126.31,66.9369,-4.22201
704,73.2264,67.7201,136.133,62.6863,-48.1513,136.455,68.3155,-2.15933
705,73.5193,75.7923,139.257,65.6147,-48.3058,146.516,69.5091,-0.311402
706,72.8292,84.5666,142.767,69.0443,-1.09076,156.631,73.974,3.79122
707,72.83,94.1452,146.779,73.0748,-0.756762,166.822,78.2205,7.77792
708,73.0627,94.204,141.674,67.865,-49.2516,177.025,78.7859,9.17104
709,73.4699,94.8639,137.513,63.5081,-0.258566,12.8482,82.7275,12.8482
710,73.0741,95.9119,133.977,59.7268,-48.094,23.0386,83.0471,13.972
711,73.7435,97.0387,130.809,56.2505,-0.0698033,33.2369,86.7134,17.362
712,73.5828,98.363,128.035,53.1433,-0.199351,43.4542,90.1316,20.5819
713,73.2192,99.9471,125.671,50.436,-0.331452,53.7022,93.3298,23.6446
714,73.5234,101.902,123.839,48.2531,-0.402349,64.0219,96.3659,26.6012
715,73.4331,104.356,122.592,46.6705,-0.0272542,64.0234,89.6197,19.5971
716,73.3715,107.191,121.783,45.5439,-46.9765,64.0415,80.0748,10.6095
717,74.1668,110.06,121.119,44.5427,-0.636261,64.1271,74.5047,4.33565
718,73.7052,112.951,120.488,43.6288,-45.4133,64.2247,66.2011,-3.82044
719,74.0666,116.019,120.092,42.9869,-44.8706,64.2994,58.4956,-11.5916
720,73.8444,119.179,119.793,42.4857,-0,64.3677,54.4645,-16.7925
721,74.1663,122.668,119.845,42.3651,-0.213717,64.4569,50.72,-21.7139
722,0.252286,126.64,115.167,39.0879,-75.1785,64.5283,41.9734,-30.091
723,5.6466,131.005,111.56,36.5762,-75.5127,64.5857,33.8028,-38.1257
724,10.6989,135.467,108.649,34.5059,-0.873302,64.6204,31.4078,-42.1261
725,14.1227,139.871,106.128,32.6307,-75.1038,64.6666,23.9949,-49.5482
726,16.8596,144.328,104.025,31.0176,-75.4277,64.7195,17.0845,-56.637
727,21.2671,148.846,102.433,29.7457,-0.133819,64.8051,15.9588,-59.6402
728,26.7119,153.287,101.263,28.7254,-0.748564,64.9374,14.9124,-62.4261
729,31.9025,157.563,100.384,27.8523,-0,65.1139,14.0327,-64.9402
730,35.4799,161.7,99.688,27.0367,-74.7925,65.2505,7.94192,-71.0437
731,40.1828,165.722,99.2629,26.4129,-1.9676,65.3266,7.31901,-73.2823
732,55.1851,168.96,99.1893,25.8228,-72.4938,75.6533,11.3359,-69.0964
733,58.3074,171.061,98.2814,24.3593,-70.5007,85.8332,15.0747,-65.1649
734,59.3816,171.887,96.3262,21.8401,-70.7625,95.8752,18.4051,-61.5774
735,59.5983,28.2391,103.082,28.2391,-70.6859,105.792,21.3918,-58.2907
736,56.0415,37.4785,108.382,33.4242,-73.0377,115.624,23.9255,-55.3756
737,50.6148,46.1781,112.429,37.5902,-73.1546,125.383,26.2052,-52.6991
738,47.8433,54.5654,115.708,41.1456,-1.91901,135.195,33.3622,-46.5765
739,44.2927,62.773,118.342,44.187,-1.73412,145.2,40.2101,-40.5213
740,42.7051,70.9515,120.653,46.9706,-1.95875,155.383,46.7283,-34.5736
741,42.6479,79.0408,122.716,49.5281,-74.1403,165.66,47.8253,-32.3688
742,41.2983,86.7857,124.22,51.5586,-73.5338,175.881,48.8352,-30.3352
743,39.2984,94.1205,125.096,52.9904,-1.64904,-24.9303,54.7622,-24.9303
744,30.5064,101.108,124.973,53.5775,-74.4442,-14.6173,55.3088,-23.2356
745,24.2857,108.207,124.528,53.9128,-74.6329,-4.3607,55.7515,-21.7347
746,23.3313,115.337,124.075,54.1866,-74.6827,5.79086,56.0621,-20.4583
747,22.1694,122.461,123.566,54.3516,-1.06007,15.9833,61.5425,-15.6186
748,18.8852,129.425,122.715,54.165,-74.2005,26.2378,61.5772,-14.5627
749,16.5628,136.102,121.495,53.5708,-1.28924,36.5196,66.7386,-9.9795
750,11.8423,142.602,119.864,52.57,-74.7506,46.8055,66.4003,-9.24345
751,9.04861,148.839,117.907,51.1943,-0.63545,57.1287,71.3083,-4.90208
752,4.45776,154.952,115.65,49.498,-74.7156,67.4493,70.6848,-4.44245
753,1.83316,160.915,113.229,47.5764,-0.369201,77.7501,75.2907,-0.408573
754,75.1779,166.585,115.838,49.0578,-43.9211,88.0127,76.4902,1.23896
755,75.0778,172.587,118.567,50.7996,-0.268889,98.2523,80.6399,4.89859
756,74.8411,178.889,121.367,52.7519,-45.212,108.394,81.2623,6.05967
757,74.2394,54.7509,124.081,54.7509,-47.1487,118.588,81.7539,7.06661
758,73.7226,61.7191,127.036,57.1222,-47.9622,128.676,82.0553,7.83416
759,72.209,69.4825,130.418,60.0731,-0.703536,138.824,85.6998,10.907
760,72.1525,78.2678,134.51,63.8573,-0.223241,148.954,89.1062,13.8233
761,71.7651,88.4516,139.589,68.7728,-0.333009,159.061,92.2452,16.5562
762,71.9249,89.4275,135.76,64.7023,-0.548294,169.303,95.2743,19.2545
763,73.1493,91.1675,132.995,61.6076,-0.577198,179.583,98.1255,21.8138
764,72.9774,93.3571,130.83,59.1094,-47.616,21.8961,97.4635,21.8961
765,73.2882,95.7817,129.057,56.9784,-0.492148,32.1683,100.16,24.2441
766,73.3593,98.5986,127.778,55.3556,-47.2463,42.4639,99.4162,24.1782
767,73.314,101.655,126.808,54.0534,-0.418179,42.4748,92.438,16.5874
768,73.486,105.012,126.198,53.128,-46.1769,42.5021,82.7603,7.10975
769,73.9204,108.419,125.707,52.3391,-0.571405,42.5806,77.0001,0.359485
770,73.9048,112.103,125.507,51.872,-44.349,42.6636,68.5829,-8.2172
771,74.2763,115.839,125.395,51.5168,-0.190452,42.7341,63.8343,-14.2314
772,74.6021,119.599,125.337,51.2386,-43.6473,42.8085,56.3798,-22.0797
773,2.68074,123.515,120.392,47.5876,-74.8578,42.9104,47.2879,-31.077
774,8.63484,127.489,116.265,44.4268,-0.392191,42.9808,44.0157,-36.0182
775,13.1294,131.48,112.757,41.6296,-74.8412,43.0709,35.7796,-44.3414
776,16.5397,135.607,109.86,39.2385,-0.309018,43.1771,33.3522,-48.5868
777,21.2266,139.794,107.549,37.2341,-0.632184,43.2697,31.0594,-52.6065
778,26.6475,144.026,105.822,35.6258,-75.0758,43.3579,23.7119,-60.0625
779,31.8869,148.21,104.538,34.3003,-74.8644,43.4461,16.8936,-67.1556
780,38.9956,152.147,103.611,33.1549,-74.3182,43.53,10.5868,-73.8803
781,44.3691,155.643,102.716,31.9188,-73.774,43.584,4.73172,-80.2748
782,49.1766,158.571,101.691,30.4544,-73.1102,43.5959,-0.706063,-86.3525
783,54.9764,161.048,100.724,28.9373,-0.513416,43.7668,-0.533634,-88.3781
784,57.1189,162.902,99.3968,27.0336,-72.4531,43.8955,-5.44833,-93.8189
785,57.6054,164.009,97.5005,24.5637,-71.7927,43.9294,-10.0609,-99.0294
786,58.4611,164.227,94.9704,21.4432,-71.7865,43.9794,-14.3352,-103.942
787,58.0889,173.937,101.419,27.516,-72.0217,44.0098,-18.345,-108.613
788,55.6347,32.4469,106.513,32.4469,-72.4799,54.3097,-12.5555,-103.281
789,50.8598,40.7946,110.381,36.3726,-73.366,64.578,-7.26272,-98.2571
790,45.577,48.8333,113.32,39.5634,-73.8638,74.8267,-2.39349,-93.5014
791,45.4959,56.5472,115.747,42.2891,-73.568,85.0386,2.1213,-88.9835
792,47.6129,63.6908,117.621,44.4416,-73.0114,95.321,6.42464,-84.5849
793,44.9233,70.2691,118.65,45.8221,-73.7398,105.621,10.3919,-80.4104
794,38.3395,76.433,118.761,46.4121,-74.4336,115.917,14.0296,-76.4767
795,32.0733,82.6023,118.43,46.664,-74.9227,126.096,17.2691,-72.8675
796,26.0676,88.7932,117.722,46.6106,-1.13834,136.256,25.4295,-65.8145
797,25.0153,95.0045,117.009,46.5117,-0.958011,146.415,33.0304,-59.0387
798,21.3955,101.119,116.002,46.1264,-1.63557,156.608,40.0833,-52.5463
799,19.5214,107.201,114.905,45.6165,-0.951261,166.788,46.6785,-46.3035
800,13.0385,113.149,113.307,44.6572,-75.2745,177.047,47.6828,-43.93
801,5.0471,119.002,111.171,43.2322,-0.780514,-37.9951,53.8542,-37.9951
802,0.890062,124.624,108.68,41.4183,-0.706749,-27.694,59.615,-32.2998
803,75.3439,130.006,111.352,43.0739,-44.3058,-17.3448,61.9652,-29.0044
804,71.1177,135.53,113.673,44.6297,-1.24314,-7.04016,67.124,-23.7699
805,74.7831,141.197,116.221,46.4495,-45.4415,3.07342,68.6501,-21.1408
806,74.796,147.292,118.99,48.616,-46.8242,13.1563,69.9439,-18.7574
807,74.3195,153.714,121.835,50.9901,-48.085,23.1985,71.0211,-16.6143
808,73.2823,160.889,125.109,53.9301,-49.5098,33.2628,71.9438,-14.6588
809,73.0795,168.902,128.919,57.5328,-0.185144,43.3294,76.2567,-10.387
810,71.939,178.147,133.528,62.085,-1.12667,53.5626,80.3567,-6.20628
811,72.7806,178.237,129.359,57.7645,-0.311524,53.6334,74.7758,-11.8428
812,73.2793,178.942,126.09,54.2771,-49.3705,53.7056,66.1527,-19.6184
813,73.579,51.4212,123.489,51.4212,-48.7002,53.7549,58.1588,-27.0272
814,73.8045,52.8698,121.358,48.9872,-48.0823,53.8125,50.7756,-34.0876
815,73.8633,54.4087,119.465,46.7966,-47.6133,53.8364,43.9106,-40.8067
816,73.7506,56.4015,118.118,45.1767,-0.310327,53.9458,40.9168,-44.7651
817,73.3557,58.7157,117.137,43.9524,-46.1299,53.9883,34.8631,-50.8123
818,73.8142,61.0888,116.311,42.8949,-0.0146158,54.066,32.4939,-54.2414
819,73.5277,63.6027,115.654,42.0416,-0.265304,54.1235,30.2543,-57.4779
820,73.2737,66.4408,115.327,41.5565,-46.6726,54.1937,24.9347,-62.7827
821,73.7676,69.6327,115.387,41.4819,-46.1756,54.2734,20.0311,-67.7809
822,74.0697,73.1515,115.767,41.7494,-0.0318983,54.3568,18.7042,-70.2482
823,74.4019,76.8359,116.298,42.2234,-44.2914,54.448,14.3793,-74.6898
824,75.0616,80.7518,117.053,42.9328,-43.9995,54.5467,10.3846,-78.8917
825,3.88686,84.2057,112.344,39.6993,-73.768,54.6612,4.60037,-84.2834
826,2.61383,87.9593,108.153,36.8196,-74.9392,54.7162,-0.9162,-89.5074
827,0.16794,92.3415,104.67,34.5264,-75.8559,54.7333,-6.14613,-94.5426
828,8.74011,97.1369,102.414,33.1346,-75.0701,65.0373,-1.38801,-89.4912
829,19.9332,101.847,101.021,32.259,-74.4013,75.2776,3.02454,-84.707
830,34.2218,106.303,100.49,31.8841,-1.05678,85.5614,12.3027,-76.479
831,43.1277,109.856,99.7782,31.1104,-72.3213,85.6197,6.43329,-81.8323
832,43.9054,112.431,98.262,29.496,-72.9171,85.7462,0.99636,-86.8763
833,43.555,114.302,96.1724,27.286,-72.3775,85.8591,-4.03478,-91.6464
834,44.8968,115.576,93.7681,24.6917,-72.6262,85.8964,-8.80151,-96.2565
835,45.6042,116.095,90.8792,21.5665,-72.4239,85.927,-13.2266,-100.607
836,46.3198,126.238,97.1926,27.7927,-71.8559,96.2558,-7.72488,-94.9093
837,45.315,135.614,102.281,32.9559,-72.3407,106.464,-2.75471,-89.6045
838,41.4273,144.524,106.308,37.2447,-73.1229,116.607,1.75263,-84.6397
839,41.6594,153.126,109.782,41.0438,-72.9367,126.757,5.96414,-79.8946
840,42.3095,161.19,112.558,44.1781,-0.658953,136.993,15.0203,-71.7207
841,42.6921,168.386,114.36,46.3502,-72.1635,147.255,18.4607,-67.3961
842,36.9717,175.209,115.288,47.7699,-73.8773,157.554,21.5752,-63.3431
843,28.9664,48.2707,115.156,48.2707,-74.9058,167.81,24.3599,-59.5903
844,23.6911,54.5182,114.564,48.3668,-73.8763,178.018,26.9765,-56.0313
845,18.7281,60.5669,113.481,48.0012,-1.07267,-49.0803,34.4927,-49.0803
846,17.6994,66.3815,112.183,47.3548,-0.574958,-38.8663,41.537,-42.383
847,11.454,72.0348,110.39,46.249,-2.64227,-28.6091,47.9836,-36.0422
848,3.63165,77.5043,108.003,44.604,-0.122793,-18.3325,54.1734,-29.8419
849,75.5559,82.7149,110.578,46.3141,-44.5125,-8.05794,56.8207,-26.1132
850,75.2844,87.8882,112.919,47.912,-0.0291378,2.16528,62.3488,-20.4424
851,75.6821,93.2481,115.297,49.6517,-44.7626,12.3645,64.3363,-17.2684
852,75.8221,98.772,117.671,51.4933,-46.4062,22.5028,66.0129,-14.4141
853,74.8638,104.54,120.039,53.4533,-46.9043,32.5508,67.4534,-11.8383
854,74.188,110.597,122.462,55.5771,-0.14323,42.5498,72.0207,-7.15655
855,73.3515,117.314,125.271,58.2027,-0.205241,52.5829,76.2956,-2.66772
856,72.8187,125.013,128.759,61.6179,-0.917695,62.72,80.3183,1.66452
857,72.4068,134.051,133.22,66.1288,-51.471,72.9833,80.6378,3.40273
858,74.0943,143.811,138.158,71.1892,-51.5076,73.0524,71.4519,-4.68949
859,75.3101,144.029,133.962,66.995,-0.0911346,73.1224,66.509,-9.88032
860,73.7982,144.859,130.522,63.5231,-50.4087,73.1274,58.3295,-17.3531
861,74.5662,146.172,127.827,60.7258,-50.3575,73.2316,50.8182,-24.3944
862,73.7304,148.263,125.984,58.7683,-50.2534,73.2749,43.7835,-31.1747
863,73.7236,151.02,124.89,57.5627,-0.120676,73.3325,40.7638,-35.1364
864,73.8031,154.481,124.532,57.1034,-0.126131,73.399,37.9633,-38.8635
865,74.1175,158.514,124.754,57.2421,-0.34361,73.4533,35.3323,-42.3933
866,74.51,163.012,125.42,57.8497,-47.3221,73.5379,29.6252,-48.0029
867,74.4702,167.96,126.455,58.871,-0.535587,73.677,27.6433,-50.9683
868,75.156,172.898,127.456,59.8803,-0.0590333,73.8214,25.8384,-53.7121
869,76.0703,178.065,128.665,61.1191,-44.3686,73.9393,21.0336,-58.4841
870,2.65926,58.6826,124.653,58.6826,-75.247,74.0528,14.3995,-64.5398
871,6.72681,63.8501,121.204,56.5162,-75.7699,74.1567,8.18429,-70.3385
872,13.8512,69.0165,118.494,54.7632,-76.0301,74.2545,2.38019,-75.8734
873,22.4948,74.1844,116.58,53.4867,-75.6991,74.3171,-3.02713,-81.1535
874,24.6565,79.3574,114.956,52.352,-76.0018,74.3895,-8.06797,-86.1784
875,29.1226,84.4493,113.683,51.3669,-74.7827,74.5043,-12.6313,-90.8729
876,37.2729,89.1117,112.671,50.4235,-0,74.6008,-11.6573,-91.6196
877,44.2166,93.1591,111.643,49.2747,-0.0119131,74.6797,-10.7688,-92.2607
878,51.8351,96.709,110.758,48.0882,-72.9788,74.9109,-14.9085,-96.2409
879,56.4789,99.4224,109.482,46.3871,-71.3275,85.1815,-9.30614,-90.3902
880,56.4907,101.041,107.277,43.7322,-71.7671,95.3476,-4.22396,-84.9398
881,61.1691,101.464,104.443,40.3313,-69.603,105.439,0.584796,-79.6936
882,59.7307,111.016,110.197,45.7258,-71.5628,115.569,4.95533,-74.7564
883,55.4005,119.602,114.346,49.7343,-0.54094,125.613,13.9117,-66.6289
884,50.1915,127.475,117.178,52.6182,-0.871381,135.646,22.2074,-58.8673
885,51.0775,134.803,119.366,54.8811,-1.00452,145.758,29.9866,-51.3694
886,49.4026,141.608,120.797,56.4495,-73.4759,155.882,32.1592,-47.7665
887,43.4923,147.991,121.321,57.2378,-0.756851,165.972,39.2386,-40.8055
888,40.4841,153.698,120.971,57.1868,-0.839091,176.285,46.025,-33.9401
889,34.6884,159.054,119.912,56.5004,-75.2146,-31.2033,46.9921,-31.2033
890,22.4627,164.398,118.06,55.2135,-75.4019,-20.9625,47.9485,-28.5783
891,13.3187,169.689,115.649,53.4558,-0.824038,-10.7046,54.0742,-22.426
892,9.06594,175.135,113.253,51.6873,-75.3313,-0.392514,54.6061,-20.187
893,4.65414,49.8228,110.789,49.8228,-0.67965,9.91874,60.3256,-14.421
894,74.9184,55.3029,113.374,51.4419,-0.251928,20.2378,65.6819,-8.8968
895,74.6867,60.8551,115.83,53.0592,-0.121856,30.5297,70.6471,-3.65748
896,74.3701,67.0973,118.733,55.257,-44.6058,40.8036,72.1341,-0.888797
897,75.0548,73.6235,121.745,57.6625,-0.203908,50.979,76.5336,3.79832
898,74.3664,80.0948,124.446,59.8837,-0.78414,61.1587,80.5884,8.23067
899,74.434,86.6596,127.051,62.0999,-45.7057,71.2922,81.172,10.1712
900,74.7084,93.0668,129.345,64.0817,-0.0667793,81.3546,84.8433,14.1526
901,73.7407,99.8968,131.805,66.3284,-0.176961,91.3935,88.2281,17.8954
902,73.3322,107.248,134.548,68.9444,-0.00400529,101.447,91.4014,21.4573
903,73.242,115.325,137.769,72.1231,-1.25496,111.687,94.4389,24.9415
904,73.4213,124.29,141.602,75.9998,-49.9963,111.692,84.3335,16.0939
905,73.405,133.866,145.734,80.2602,-0.274046,111.74,78.4553,10.1169
906,73.6189,144.073,150.178,84.9153,-49.8081,111.807,69.539,1.99806
907,73.8565,144.485,145.219,80.0318,-0.0124329,111.86,64.72,-3.31854
908,73.6537,145.423,141.081,75.875,-49.5998,111.909,56.7632,-10.8224
909,73.4501,146.951,137.769,72.4694,-49.8414,111.944,49.3327,-18.0213
910,73.5455,149.293,135.451,69.9854,-0.130271,111.983,45.9069,-22.4603
911,73.3834,152.466,134.057,68.4085,-0.141032,112.053,42.7492,-26.6306
912,73.9992,156.441,133.55,67.7263,-0.430798,112.099,39.7692,-30.5869
913,75.0703,160.602,133.326,67.3182,-0.957183,112.236,37.0454,-34.2551
914,74.1842,165.001,133.277,67.1192,-0.0650505,112.356,34.5592,-37.6823
915,74.9118,169.66,133.525,67.2196,-45.0623,112.515,29.1337,-43.0947
916,74.9899,174.696,134.11,67.6843,-44.8005,112.666,24.0985,-48.2347
917,0.342183,179.835,129.526,64.5437,-75.442,112.781,17.2377,-54.6634
918,7.68291,61.8914,125.806,61.8914,-75.4935,112.85,10.8112,-60.8401
919,11.0006,67.0586,122.575,59.4846,-75.4331,112.862,4.78452,-66.7738
920,15.958,72.159,119.855,57.3344,-75.0103,123.187,8.80116,-62.5969
921,22.6431,76.9354,117.492,55.2743,-0.354715,123.229,8.19955,-64.723
922,27.5062,81.3735,115.321,53.2065,-1.81807,123.383,7.64172,-66.6496
923,33.1793,85.5076,113.416,51.2077,-2.42024,123.605,7.14389,-68.3882
924,40.1533,89.4703,111.972,49.4736,-74.4163,123.695,1.51841,-73.6637
925,45.4029,92.823,110.431,47.4956,-72.3437,134.025,5.95464,-68.8438
926,53.2666,95.3216,108.753,45.188,-0.570744,144.333,15.0849,-60.7405
927,53.4428,97.1358,106.568,42.3618,-72.1413,144.499,9.13318,-66.1593
928,56.2235,97.9972,103.845,38.9179,-71.3023,144.575,3.57324,-71.359
929,53.1472,108.18,109.767,44.3683,-71.7328,144.598,-1.67721,-76.3743
930,50.1184,117.614,114.364,48.6938,-72.5505,154.933,2.97367,-71.3759
931,49.9467,126.328,117.96,52.1171,-72.2341,165.204,7.2611,-66.6693
932,49.1911,134.347,120.603,54.6699,-72.5741,175.403,11.1576,-62.2862
933,47.5612,141.922,122.535,56.5886,-73.7747,-58.185,14.7014,-58.185
934,44.3873,149.111,123.751,57.8809,-73.9493,-47.969,17.9967,-54.2967
935,40.5914,155.613,123.976,58.2538,-72.808,-37.6971,21.1932,-50.5117
936,33.0484,161.631,123.208,57.7597,-74.6158,-27.3924,24.0699,-46.9916
937,29.3557,167.409,122.012,56.8426,-74.6579,-17.0378,26.7888,-43.6399
938,22.4522,173.088,120.324,55.5091,-0.131266,-6.73624,34.4848,-36.8507
939,14.0559,178.651,118.059,53.6813,-0.59442,3.60484,41.6465,-30.3528
940,6.92829,51.5241,115.403,51.5241,-74.8145,13.9328,43.0992,-27.8098
941,8.11676,57.1889,113.162,49.6382,-75.4518,24.2195,44.3673,-25.5075
942,4.98355,62.6587,110.676,47.4675,-0.457511,34.5201,50.8091,-19.6442
943,75.4389,67.8882,113.073,48.6216,-44.2263,44.7959,53.7131,-16.238
944,75.4639,73.0565,115.247,49.6861,-45.4434,54.9873,56.2502,-13.1664
945,75.8229,78.2843,117.349,50.7921,-44.9436,65.198,58.6625,-10.2369
946,74.7815,83.6782,119.386,51.9746,-46.5193,75.3313,60.7238,-7.6336
947,75.5338,89.0387,121.301,53.126,-0.483764,85.3464,65.7533,-3.03033
948,74.1018,94.7742,123.331,54.4959,-49.1071,95.2753,66.947,-1.17051
949,74.9618,101.001,125.736,56.3493,-50.4514,105.266,68.0208,0.570688
950,72.7651,108.564,129.062,59.2952,-1.35044,115.43,72.6172,4.77673
951,74.6474,117.431,133.499,63.4404,-51.1925,115.49,64.0057,-3.30062
952,72.3564,127.436,138.524,68.3605,-51.582,115.552,55.9728,-11.037
953,74.2198,127.689,134.257,63.8618,-2.58008,115.599,51.9177,-16.0212
954,74.3103,128.712,131.013,60.3333,-0.554702,125.838,57.7673,-10.9576
955,74.1,130.131,128.349,57.3576,-0.740771,136.034,63.1539,-6.18471
956,74.4061,132.386,126.67,55.356,-1.21132,146.233,68.133,-1.66094
957,73.9416,135.53,125.903,54.2933,-50.4558,156.469,69.3515,0.24073
958,74.6085,139.419,125.929,54.0375,-0.691197,166.725,73.9859,4.47525
959,74.8488,143.85,126.474,54.3322,-0.598201,177.052,78.3701,8.56084
960,74.5957,148.425,127.097,54.7633,-0.781011,177.125,72.8966,2.68587
961,74.7969,152.971,127.664,55.1729,-0.0691405,177.267,67.9217,-2.79985
962,75.2387,157.439,128.15,55.5314,-44.8845,177.402,60.1503,-10.2322
963,75.4016,161.952,128.655,55.9403,-0.00685704,177.564,56.0899,-15.0849
964,75.0565,167.054,129.647,56.891,-43.9553,177.675,49.19,-21.9017
965,4.90998,172.137,125.643,54.3269,-75.5982,177.752,40.5265,-29.9984
966,7.17806,177.306,122.157,52.0375,-75.5357,177.778,32.4262,-37.7824
967,14.1934,50.1665,119.427,50.1665,-75.6416,-35.418,34.5006,-35.418
968,22.1384,55.3362,117.425,48.7479,-75.3,-35.4137,26.8185,-43.0158
969,28.305,60.1046,115.621,47.2969,-2.13918,-35.3089,24.8889,-46.5571
970,32.9475,64.4367,113.863,45.7173,-0.314251,-35.1259,23.2949,-49.7158
971,36.3296,68.4894,112.204,44.1044,-74.6677,-34.9519,16.5993,-56.3583
972,42.7019,72.3523,110.932,42.6989,-73.6408,-34.9361,10.2972,-62.7886
973,49.2856,75.5549,109.595,41.0624,-72.616,-24.6252,14.0825,-59.0721
974,65.1874,78.2744,109.015,39.8393,-9.26469,-23.9787,13.0493,-61.6092
975,54.534,79.6232,106.456,35.7389,-4.24714,-23.7582,12.0437,-65.3719
976,50.7208,79.658,102.587,31.5314,-70.5702,-23.5299,6.47309,-70.9556
977,51.9418,89.2566,107.969,36.7045,-73.2087,-13.2149,10.4882,-66.8025
978,48.0517,98.3549,112.236,40.9834,-73.0001,-3.13554,14.0179,-63.0536
979,48.9628,107.261,116.089,44.924,-1.71494,7.03834,22.3783,-55.8493
980,46.2246,115.686,119.034,48.077,-72.7063,17.3266,25.2904,-52.3865
981,46.3164,123.689,121.387,50.6763,-73.653,27.5877,27.9072,-49.1858
982,46.4254,131.087,123.019,52.5722,-72.4549,37.8996,30.472,-46.0584
983,43.5746,137.879,123.775,53.6525,-73.5467,48.172,32.744,-43.2008
984,40.0138,144.145,123.739,53.9926,-73.8508,58.4529,34.8436,-40.5198
985,33.228,150.149,122.987,53.7168,-74.7844,68.725,36.7227,-38.0571
986,27.0869,156.056,121.768,53.0402,-74.9662,78.9171,38.3831,-35.8339
987,19.3613,161.871,120.007,51.8979,-75.0518,89.138,39.9481,-33.7373
988,14.829,167.552,117.928,50.4347,-0.61525,99.3876,46.6408,-28.0554
989,7.80766,173.235,115.504,48.6655,-75.0285,109.675,47.691,-26.2879
990,6.50154,178.776,113.027,46.7436,-75.3195,119.987,48.6709,-24.6468
991,2.10859,44.3936,110.151,44.3936,-75.3092,130.292,49.5762,-23.1377
992,75.8334,50.2003,113.149,46.2987,-44.0907,140.528,52.5384,-20.2717
993,74.2494,55.7587,115.595,47.8209,-45.6671,150.799,55.2165,-17.614
994,74.2641,61.2783,117.835,49.2603,-46.1558,160.944,57.5549,-15.2527
995,74.1929,67.1774,120.267,51.0064,-46.4878,170.988,59.6128,-13.1507
996,74.8714,73.1964,122.687,52.837,-47.6199,-11.2137,61.4692,-11.2137
997,73.4294,79.6489,125.24,54.9384,-48.8602,-1.2357,63.0257,-9.55118
998,73.6437,87.0095,128.473,57.8071,-0.440339,8.89569,68.0053,-5.48578
999,72.5636,95.452,132.411,61.5397,-0.956579,19.1539,72.718,-1.50221
1000,74.4458,104.915,137.154,66.1622,-49.7028,19.1718,64.1653,-9.85978
