"time","measured_angle","estimated_angle","estimated_drift"
0,-4.75542,0.000509693,0
1,-2.10165,0.000742454,2.1024e-08
2,0.24263,0.000413843,1.37575e-08
3,0.818456,0.000103064,-3.53427e-08
4,-3.55198,-0.000105055,3.19832e-07
5,-0.196708,-0.000231346,3.49302e-07
6,-1.37209,-0.000159432,6.37384e-07
7,-3.87707,0.000728865,1.72304e-06
8,-0.0177057,0.00150576,1.72996e-06
9,0.98807,0.00214631,1.28638e-06
10,-0.0538325,0.00275077,1.31749e-06
11,-1.6103,0.003374,2.38221e-06
12,-1.46746,0.00427436,3.52976e-06
13,0.570621,0.005529,3.01573e-06
14,0.323702,0.00593541,2.68224e-06
15,0.133284,0.0062,2.52982e-06
16,0.214322,0.00609797,2.24681e-06
17,-1.91375,0.0059054,5.18181e-06
18,-2.85454,0.00607998,1.00696e-05
19,-4.99408,0.00692056,1.95631e-05
20,-5.11836,0.00883751,3.03197e-05
21,-4.68531,0.0111263,4.11567e-05
22,-2.56243,0.0144962,4.76686e-05
23,-3.19392,0.0170856,5.65194e-05
24,-1.38914,0.0207642,6.07431e-05
25,2.51688,0.0243346,5.26548e-05
26,1.50315,0.0264653,4.74803e-05
27,-1.65978,0.0277419,5.38477e-05
28,1.10068,0.030105,4.95095e-05
29,0.508581,0.0311028,4.74368e-05
30,-3.01191,0.0312382,6.15561e-05
31,-3.01729,0.0326009,7.66477e-05
32,-2.21417,0.0338308,8.84872e-05
33,-2.90332,0.0355981,0.00010493
34,-3.06771,0.0379804,0.000123357
35,-1.13282,0.040796,0.000130728
36,2.07541,0.0437279,0.00011724
37,-2.16397,0.0454413,0.00013272
38,-3.10149,0.0470887,0.000155968
39,-2.10287,0.0489417,0.000172689
40,-2.07873,0.0518051,0.000190091
41,-4.61711,0.0548144,0.000230149
42,-1.52658,0.0595174,0.00024441
43,0.695725,0.0639539,0.00023846
44,2.62987,0.0688628,0.000213227
45,2.0289,0.0730469,0.000193085
46,1.8132,0.0763998,0.000174408
47,0.962438,0.0797518,0.000164506
48,1.31382,0.0832055,0.000150116
49,-1.12825,0.0850381,0.000164891
50,0.396276,0.0880642,0.000160985
51,2.49767,0.0914582,0.000129283
52,0.877893,0.0938474,0.000118551
53,1.84705,0.0969676,9.36799e-05
54,-0.934567,0.097855,0.000108901
55,-2.41213,0.0987592,0.000147282
56,0.635182,0.100351,0.000138812
57,-1.9649,0.101828,0.000172702
58,-3.00993,0.103559,0.000225534
59,-1.4403,0.105114,0.000252654
60,-1.0092,0.107158,0.000272903
61,1.07518,0.110612,0.000254829
62,1.55277,0.113737,0.00022699
63,0.187631,0.116491,0.00022557
64,1.22807,0.118745,0.000202727
65,1.72393,0.120233,0.000168684
66,2.52995,0.12252,0.000116023
67,1.19209,0.122901,9.19346e-05
68,0.390454,0.123197,8.57357e-05
69,1.09684,0.124204,6.252e-05
70,-2.16951,0.12302,0.000118807
71,-2.72713,0.122968,0.000190758
72,-0.809407,0.124503,0.000214991
73,-3.18711,0.123839,0.000303256
74,-1.74746,0.124694,0.000354514
75,-1.0837,0.126247,0.000388525
76,-0.473508,0.129119,0.000405909
77,1.01349,0.131451,0.000379804
78,2.73189,0.134214,0.000300956
79,2.83966,0.136299,0.000216827
80,1.24317,0.137399,0.000181558
81,0.912276,0.138296,0.000156264
82,-2.29331,0.137524,0.000237634
83,-2.24022,0.13643,0.000319097
84,1.41258,0.137804,0.000274367
85,-1.25681,0.13686,0.000324413
86,-3.17983,0.134252,0.000446169
87,-2.57133,0.133512,0.000547811
88,-2.36119,0.134127,0.000643695
89,-2.64453,0.133219,0.000752811
90,0.695303,0.135235,0.000730325
91,1.45558,0.136517,0.000676215
92,-0.793329,0.136322,0.000715172
93,-0.812039,0.136765,0.000755778
94,-5.47963,0.133798,0.00100107
95,-2.46282,0.133141,0.00111687
96,-0.617855,0.133843,0.00115109
97,-1.99515,0.133385,0.00124997
98,-2.07633,0.131915,0.00135461
99,-3.22134,0.129909,0.00151659
100,-3.01098,0.128546,0.00167132
101,-3.09216,0.127022,0.00183308
102,-3.87312,0.126254,0.00203792
103,-0.856185,0.127985,0.00208929
104,-2.15841,0.127398,0.00221086
105,-2.80416,0.126961,0.00236966
106,-1.05713,0.128136,0.00243507
107,-0.57836,0.129013,0.00247483
108,0.198192,0.131348,0.002471
109,-0.928364,0.13096,0.0025327
110,-1.30195,0.130461,0.00261763
111,-1.65549,0.130072,0.00272535
112,-2.01614,0.129266,0.00285706
113,-2.50188,0.128131,0.0030213
114,-3.4929,0.126792,0.00325123
115,0.165488,0.129218,0.00324889
116,-0.382188,0.132415,0.00328269
117,2.3625,0.137774,0.00313411
118,0.777646,0.141261,0.00309091
119,2.78055,0.145948,0.00290912
120,1.42506,0.149418,0.00281966
121,1.42654,0.152309,0.00272887
122,-0.729503,0.153,0.00279276
123,2.44021,0.156799,0.00262485
124,2.6643,0.160995,0.00243789
125,-0.680399,0.16255,0.00250182
126,-0.464132,0.164563,0.00255024
127,-2.87013,0.165486,0.0027876
128,3.64833,0.173171,0.00251176
129,-0.733666,0.175607,0.00258502
130,4.2472,0.184146,0.00225279
131,3.50573,0.190712,0.00197772
132,3.31908,0.196377,0.00171481
133,0.27316,0.197312,0.00170833
134,-1.47726,0.196828,0.00185339
135,-0.945036,0.197078,0.00195376
136,-0.56119,0.198966,0.00202152
137,-5.19761,0.196165,0.00250904
138,-0.817694,0.199694,0.00260228
139,-6.31244,0.197116,0.00320713
140,1.31494,0.204616,0.00310255
141,1.57429,0.210327,0.00297232
142,1.8171,0.216119,0.00281739
143,-2.97523,0.21409,0.00313017
144,0.489528,0.217428,0.00310312
145,-4.08045,0.214292,0.00353556
146,-2.32078,0.213235,0.00379407
147,-4.90257,0.209036,0.0043223
148,-2.98183,0.20987,0.0046564
149,-3.90866,0.209266,0.00509298
150,-1.55334,0.212532,0.00528259
151,1.94584,0.219337,0.00509487
152,2.79182,0.227036,0.0048125
153,4.24991,0.235799,0.00436506
154,2.90217,0.24206,0.00406488
155,4.01739,0.248898,0.0036344
156,-3.47581,0.246189,0.00406476
157,-0.98708,0.248686,0.00420937
158,-4.58205,0.247261,0.00478132
159,1.15672,0.253761,0.00467311
160,-0.976957,0.257854,0.00482285
161,3.0229,0.267806,0.00448481
162,2.17131,0.275975,0.00424954
163,6.02242,0.289203,0.0035296
164,4.51939,0.298616,0.00299346
165,2.65779,0.305328,0.00269122
166,-1.78763,0.306571,0.00296334
167,-2.03733,0.308223,0.00327157
168,0.857132,0.314334,0.00319944
169,-0.540686,0.318945,0.00331495
170,0.234178,0.324395,0.0033272
171,-1.37759,0.327598,0.00356141
172,2.78928,0.337048,0.00322091
173,-0.215839,0.340948,0.00329906
174,-2.51838,0.340876,0.00370473
175,-1.75611,0.341842,0.00400557
176,-2.18183,0.343549,0.00437157
177,-2.35815,0.345335,0.00476753
178,-8.65928,0.338972,0.00609929
179,-7.97041,0.334375,0.00734127
180,-3.24297,0.337463,0.00788228
181,-5.55723,0.336903,0.00878209
182,-1.69357,0.342748,0.00909615
183,-3.30598,0.345558,0.00966507
184,0.549925,0.354877,0.00963437
185,-5.47429,0.355162,0.010561
186,3.78701,0.370428,0.0100125
187,-8.23463,0.365739,0.0114071
188,0.428486,0.376938,0.0113986
189,-3.48499,0.379834,0.0120377
190,0.48987,0.388866,0.0120209
191,-7.61185,0.383696,0.0133689
192,2.83545,0.395759,0.0129536
193,-3.57229,0.397059,0.0136358
194,-2.53336,0.400713,0.0141448
195,-4.45504,0.401305,0.0149954
196,1.23933,0.411878,0.0148491
197,-5.32627,0.410512,0.0158728
198,2.34021,0.422441,0.0155274
199,-1.71168,0.425912,0.0159159
200,4.55821,0.440258,0.0151605
201,-2.93789,0.441157,0.0157861
202,-0.149989,0.448315,0.0158978
203,-3.17983,0.449716,0.016582
204,4.17957,0.464754,0.0158755
205,2.68614,0.476033,0.0154513
206,-2.18484,0.479252,0.0159671
207,-1.36995,0.485711,0.0163296
208,-2.62757,0.490721,0.016944
209,2.7162,0.506167,0.0165047
210,1.67892,0.519488,0.0162723
211,5.46665,0.539175,0.0152758
212,7.09357,0.561129,0.0139435
213,2.40559,0.57486,0.0135669
214,1.85052,0.587588,0.0133049
215,1.64171,0.600406,0.013087
216,9.11698,0.626376,0.0112957
217,4.50596,0.643441,0.010474
218,3.27354,0.658489,0.0099131
219,6.14799,0.678232,0.00873009
220,3.74718,0.693511,0.0080642
221,4.04426,0.709244,0.007331
222,6.39814,0.729335,0.00607456
223,-0.317601,0.73679,0.00631015
224,2.09925,0.74946,0.00600613
225,-0.486671,0.757664,0.00628865
226,-4.96974,0.757507,0.00759934
227,-3.91537,0.760072,0.00867782
228,-0.783483,0.76907,0.00903877
229,-3.96068,0.771573,0.0101476
230,-4.38893,0.772306,0.0113664
231,-6.98299,0.768177,0.013211
232,-4.08921,0.769657,0.0143763
233,-6.26492,0.766668,0.0160755
234,-8.35535,0.758846,0.0182949
235,-5.91172,0.755932,0.0199309
236,-6.6193,0.751477,0.0217532
237,-9.3421,0.741877,0.0242649
238,-7.90466,0.735066,0.0264331
239,-6.71122,0.730395,0.0283145
240,-7.01544,0.725239,0.0302861
241,-7.21991,0.720642,0.0323235
242,-6.77368,0.717874,0.0342598
243,-5.53768,0.718286,0.0358886
244,-5.43611,0.719836,0.037503
245,-5.58015,0.722192,0.0391678
246,-5.58795,0.725545,0.0408475
247,-5.86221,0.7294,0.0426138
248,-6.17375,0.733774,0.044478
249,-6.49128,0.738663,0.046443
250,-5.76441,0.746275,0.048225
251,-6.12474,0.753763,0.0501209
252,-6.04126,0.762086,0.0520093
253,-6.2446,0.770918,0.0539701
254,-6.66228,0.779651,0.0560644
255,-6.3944,0.789901,0.0581003
256,-8.00129,0.797557,0.0606107
257,-10.8847,0.800843,0.0639676
258,-12.852,0.801322,0.0679163
259,-3.33211,0.822716,0.0691261
260,-12.0766,0.824753,0.0729079
261,19.1754,0.891388,0.0675123
262,6.06442,0.924983,0.0659855
263,3.38739,0.95191,0.0652572
264,3.09406,0.977413,0.0646201
265,6.98167,1.01059,0.0628109
266,-6.32827,1.01365,0.06505
267,-4.94471,1.02086,0.0668813
268,-4.22092,1.03024,0.0685037
269,-9.78163,1.02872,0.0718652
270,-11.974,1.02405,0.0759331
271,-4.98328,1.03705,0.0778292
272,-6.89112,1.04647,0.0803452
273,-12.0662,1.04654,0.0845278
274,-1.88959,1.07079,0.0854781
275,1.53524,1.10265,0.0853383
276,-4.87576,1.12024,0.0872872
277,-3.82966,1.14137,0.088913
278,-0.245552,1.17142,0.0893793
279,2.05302,1.20647,0.089099
280,2.55165,1.24199,0.0886627
281,12.8654,1.29994,0.0847861
282,11.1318,1.35219,0.0814881
283,2.1211,1.38396,0.081238
284,9.11924,1.43131,0.078614
285,3.2195,1.46426,0.0780113
286,-2.55058,1.48366,0.0794048
287,-7.02174,1.49328,0.0823637
288,4.89069,1.53092,0.0811893
289,2.14389,1.56108,0.0809844
290,3.19163,1.59342,0.0804191
291,0.186457,1.6188,0.0809287
292,2.57683,1.64972,0.0805969
293,-5.11081,1.66237,0.0830346
294,-0.729511,1.68594,0.083909
295,10.6914,1.73487,0.0806482
296,5.87175,1.77136,0.0791468
297,1.94014,1.79827,0.0790946
298,5.19443,1.83313,0.0778497
299,7.16609,1.87152,0.0758779
300,1.7611,1.89556,0.0759282
301,3.09628,1.92241,0.0754861
302,3.98459,1.95061,0.0747157
303,3.95471,1.97801,0.0739629
304,9.29381,2.01675,0.0711761
305,0.686601,2.03363,0.0716948
306,1.30373,2.05185,0.0719845
307,2.80057,2.07306,0.0717013
308,3.02338,2.09403,0.0713375
309,-2.0475,2.10251,0.0729707
310,1.35043,2.12026,0.0732753
311,-24.8419,2.07615,0.0839837
312,-12.4096,2.06583,0.0897732
313,-20.3329,2.03706,0.0987678
314,-19.9695,2.01213,0.107653
315,-26.8628,1.97032,0.11937
316,-13.2366,1.96516,0.12558
317,-9.15474,1.9683,0.130148
318,-4.90926,1.98143,0.132992
319,1.93602,2.01097,0.133023
320,2.84338,2.04179,0.132689
321,-4.06869,2.05422,0.135256
322,-1.27534,2.07305,0.136667
323,3.68565,2.1023,0.135997
324,-7.23607,2.1048,0.139973
325,-2.48574,2.11931,0.141944
326,1.45431,2.14349,0.14224
327,3.23853,2.17013,0.141779
328,0.350786,2.19014,0.142578
329,-8.48629,2.18943,0.147239
330,-9.71879,2.18736,0.152463
331,0.213789,2.20955,0.153343
332,-10.656,2.20473,0.159043
333,-11.2265,2.20082,0.165022
334,-3.8882,2.21688,0.167755
335,4.31936,2.25314,0.166825
336,7.05425,2.29616,0.164675
337,5.93586,2.33533,0.16304
338,7.87012,2.37849,0.160534
339,4.33271,2.41221,0.159654
340,1.05602,2.43744,0.16029
341,-2.03072,2.45538,0.162367
342,-4.90816,2.46674,0.165797
343,-3.17293,2.48127,0.168439
344,-9.19158,2.48184,0.17392
345,-11.7251,2.47742,0.18062
346,-7.58453,2.48384,0.185392
347,-15.9703,2.47036,0.194173
348,-11.4016,2.47005,0.20081
349,-3.63912,2.48867,0.203755
350,-7.86142,2.49622,0.208756
351,-8.20459,2.50422,0.21395
352,8.05093,2.5535,0.211271
353,5.23867,2.5938,0.209977
354,-4.0386,2.61031,0.213246
355,8.44154,2.65897,0.21039
356,2.29907,2.68974,0.210584
357,-5.49232,2.70064,0.214667
358,-7.3172,2.70803,0.219687
359,7.71708,2.75424,0.217191
360,-5.3586,2.76671,0.221296
361,-3.93806,2.78403,0.224706
362,-7.14789,2.79217,0.229773
363,-9.64676,2.79508,0.236142
364,-11.069,2.79624,0.24327
365,-7.90563,2.80749,0.248803
366,11.7657,2.86869,0.244188
367,4.51243,2.90999,0.243353
368,15.5145,2.97909,0.236795
369,0.272717,3.00674,0.238232
370,7.55302,3.05433,0.235858
371,22.0457,3.13693,0.225837
372,6.54364,3.17718,0.224046
373,29.6762,3.27738,0.209936
374,6.98696,3.31428,0.207965
375,7.98933,3.35555,0.205468
376,14.7287,3.41288,0.199343
377,9.98866,3.45737,0.195793
378,13.0749,3.50936,0.190572
379,11.0027,3.55522,0.18649
380,8.09883,3.59417,0.184011
381,6.69602,3.6266,0.182314
382,6.45833,3.65912,0.180761
383,10.6132,3.70063,0.176909
384,8.60604,3.73636,0.174185
385,10.2125,3.77452,0.170568
386,13.5833,3.82157,0.165062
387,8.05412,3.85161,0.162682
388,11.0035,3.89003,0.158638
389,9.98408,3.92298,0.155177
390,11.1839,3.95918,0.151036
391,12.0562,3.99566,0.146397
392,9.40298,4.02511,0.14329
393,9.82881,4.05338,0.13994
394,9.8758,4.08016,0.136565
395,7.22254,4.09896,0.134739
396,7.75747,4.11824,0.132603
397,4.5601,4.12783,0.132348
398,6.60344,4.14177,0.130892
399,-0.472686,4.13634,0.133629
400,3.99327,4.14419,0.133719
401,2.58734,4.14747,0.134652
402,0.241041,4.14457,0.136998
403,1.25391,4.14339,0.13874
404,1.96206,4.14295,0.14006
405,1.42656,4.14038,0.14171
406,-1.30911,4.12907,0.145027
407,-2.61142,4.11422,0.149145
408,-7.57581,4.08707,0.156313
409,-6.60933,4.06364,0.162898
410,-6.07339,4.04339,0.169162
411,-3.04754,4.03157,0.173562
412,-3.30666,4.01957,0.178133
413,-3.77656,4.00732,0.183007
414,-1.76928,4.00177,0.186635
415,1.57414,4.00547,0.188168
416,2.24975,4.01035,0.189283
417,-3.34942,3.99996,0.193953
418,-2.34898,3.99282,0.197998
419,3.99703,4.00566,0.198004
420,1.27357,4.00959,0.199761
421,3.52007,4.01975,0.200084
422,5.07571,4.03371,0.199409
423,3.7027,4.04456,0.199631
424,-5.06414,4.03082,0.205559
425,-5.61789,4.01839,0.211862
426,-3.95158,4.01154,0.217089
427,-9.04957,3.99108,0.225679
428,-12.868,3.96281,0.236806
429,-11.6727,3.9396,0.247163
430,-2.22244,3.94377,0.251268
431,6.32036,3.97089,0.249699
432,2.21412,3.98606,0.250886
433,-2.45622,3.98666,0.255221
434,2.43525,4.00075,0.256278
435,11.5526,4.03931,0.251188
436,-6.92098,4.0231,0.258627
437,-8.90441,4.00235,0.267431
438,-2.05564,4.00372,0.271578
439,7.15474,4.02919,0.269432
440,3.41008,4.04352,0.269868
441,9.59613,4.07266,0.266049
442,9.43381,4.09762,0.262347
443,1.81291,4.10207,0.26394
444,-1.78412,4.09759,0.268049
445,10.7276,4.12542,0.263422
446,7.23337,4.14355,0.261249
447,8.46046,4.16548,0.258219
448,-1.35278,4.1575,0.262119
449,2.76776,4.16455,0.263111
450,10.6968,4.19328,0.258477
451,3.45517,4.20133,0.25901
452,7.16782,4.22114,0.256897
453,15.3673,4.26192,0.248905
454,9.26546,4.28572,0.24531
455,10.4086,4.31189,0.240894
456,4.56377,4.32068,0.240717
457,19.3758,4.37303,0.229779
458,19.131,4.42136,0.219021
459,8.37704,4.43946,0.216131
460,5.47667,4.44807,0.215374
461,5.93057,4.45814,0.214287
462,7.93427,4.47451,0.211724
463,2.94556,4.47723,0.212862
464,8.95981,4.49537,0.209534
465,7.17744,4.50836,0.207537
466,10.7425,4.5315,0.202878
467,5.09489,4.53512,0.202456
468,2.6386,4.53247,0.203886
469,12.8463,4.55775,0.197609
470,6.99639,4.56432,0.195761
471,4.28857,4.56379,0.195971
472,2.23843,4.556,0.197743
473,4.12567,4.55461,0.198071
474,0.121184,4.54072,0.201471
475,0.996164,4.53135,0.204198
476,0.351349,4.51899,0.207423
477,-0.415357,4.50447,0.211242
478,11.1709,4.52373,0.206067
479,6.90247,4.52959,0.204214
480,5.31732,4.52966,0.203597
481,7.4197,4.53548,0.201331
482,8.4867,4.54291,0.198223
483,5.15366,4.53897,0.197737
484,4.04809,4.53194,0.19812
485,-1.23016,4.50885,0.202684
486,-6.9924,4.469,0.211825
487,-8.89566,4.42743,0.222482
488,-1.89034,4.40828,0.227535
489,-3.25109,4.3841,0.233678
490,-0.0648631,4.37178,0.237259
491,2.44605,4.36692,0.238813
492,9.51725,4.38317,0.234646
493,1.26553,4.37293,0.237175
494,6.57275,4.37901,0.235384
495,15.1969,4.40465,0.226547
496,-3.45313,4.3787,0.232979
497,13.5603,4.40225,0.225436
498,-5.34511,4.3701,0.233461
499,2.64741,4.36642,0.234885
500,-3.71271,4.3371,0.241571
501,-2.8048,4.31754,0.247505
502,7.90142,4.32641,0.244518
503,5.62433,4.328,0.243432
504,9.46963,4.33755,0.23912
505,7.2809,4.33821,0.236641
506,4.98829,4.32847,0.236083
507,-2.88051,4.2947,0.242163
508,-3.1242,4.26002,0.248437
509,-7.24077,4.21236,0.258196
510,-9.2764,4.15884,0.269675
511,-8.45342,4.10788,0.280437
512,-10.8094,4.0505,0.293204
513,-9.48378,3.99856,0.30482
514,-5.87543,3.95756,0.313315
515,-2.38784,3.9264,0.318785
516,3.26016,3.91079,0.31935
517,5.04925,3.8984,0.318347
518,3.73443,3.88064,0.318475
519,4.7192,3.86434,0.317726
520,2.12488,3.83926,0.319232
521,-27.0748,3.72796,0.346355
522,-39.7125,3.59494,0.384591
523,-29.7592,3.51992,0.414052
524,-23.0671,3.46541,0.437603
525,-20.7578,3.41497,0.459118
526,-14.148,3.38735,0.474766
527,-5.12292,3.37909,0.482374
528,11.9417,3.41645,0.474725
529,-4.48577,3.39738,0.481816
530,6.66301,3.40742,0.47888
531,25.0984,3.47317,0.459325
532,-24.5095,3.39097,0.484621
533,-35.5718,3.28198,0.51994
534,-1.71469,3.2781,0.52449
535,14.5802,3.32536,0.514206
536,-3.19582,3.3189,0.520174
537,7.48043,3.34264,0.516373
538,26.5651,3.42257,0.495062
539,39.3212,3.53162,0.462018
540,23.7879,3.58254,0.443316
541,21.3935,3.62126,0.426823
542,14.3773,3.63335,0.416827
543,-0.384659,3.60218,0.420545
544,-18.418,3.5233,0.441063
545,-25.0283,3.43207,0.467745
546,-21.8986,3.35251,0.491478
547,-13.5623,3.30413,0.507371
548,-0.574251,3.29707,0.511028
549,-1.413,3.28686,0.515479
550,14.5066,3.32048,0.504859
551,20.6721,3.36679,0.488388
552,21.5334,3.4108,0.471097
553,10.1011,3.41669,0.464704
554,-10.2621,3.36049,0.477766
555,-16.6219,3.28787,0.496904
556,-8.35738,3.24259,0.508082
557,-9.95807,3.19519,0.520788
558,-16.1411,3.1305,0.53945
559,-8.83368,3.09185,0.551026
560,3.10446,3.09109,0.551013
561,4.88294,3.09522,0.549269
562,1.30481,3.0875,0.551012
563,4.61693,3.08939,0.549515
564,11.7469,3.11133,0.54103
565,9.8609,3.12593,0.534396
566,-1.7851,3.10438,0.539224
567,-1.44505,3.08429,0.543706
568,6.188,3.08743,0.54063
569,8.75459,3.09607,0.535003
570,10.4181,3.10499,0.527714
571,7.35088,3.09966,0.523466
572,5.25399,3.0873,0.521296
573,-2.49902,3.05132,0.526868
574,-1.48935,3.02004,0.531406
575,0.807129,2.99457,0.533612
576,2.56444,2.97269,0.534025
577,0.436887,2.94412,0.536566
578,-6.34506,2.89701,0.545953
579,-5.6466,2.85504,0.554609
580,-8.12372,2.80468,0.565761
581,-14.452,2.73636,0.583343
582,-6.24217,2.69712,0.592507
583,-14.2194,2.63317,0.609825
584,-18.7392,2.55771,0.63176
585,-14.7958,2.49808,0.649613
586,-9.95807,2.45388,0.662455
587,-14.9121,2.39575,0.680404
588,-15.8192,2.33697,0.699276
589,-12.295,2.2898,0.71447
590,-13.6713,2.23811,0.731082
591,-19.6523,2.17216,0.753921
592,-10.5455,2.13666,0.767223
593,-8.03999,2.10842,0.777891
594,-4.62624,2.09136,0.784969
595,-2.27245,2.08065,0.789565
596,-2.89824,2.06935,0.794823
597,-7.52685,2.04467,0.804975
598,-1.55787,2.0388,0.808798
599,6.14663,2.05728,0.804442
600,9.54944,2.08629,0.796473
601,7.20567,2.10662,0.791016
602,4.66942,2.11973,0.788282
603,7.65911,2.14234,0.782352
604,17.4958,2.19566,0.765871
605,-3.35742,2.18081,0.77185
606,-5.06606,2.16268,0.779671
607,9.66419,2.19398,0.771571
608,1.21224,2.19711,0.772641
609,3.38528,2.20754,0.771358
610,0.454719,2.20888,0.773273
611,8.6011,2.23717,0.766313
612,-10.2934,2.20585,0.780012
613,-7.40488,2.18689,0.790548
614,-4.28395,2.17877,0.797662
615,-0.0711307,2.18526,0.800151
616,-4.65298,2.1784,0.807703
617,-9.98157,2.15588,0.821148
618,-10.5316,2.13369,0.835209
619,-7.16476,2.12499,0.845544
620,-8.81929,2.11246,0.857731
621,-10.1543,2.09755,0.871419
622,-8.93779,2.08872,0.883764
623,-4.8525,2.09503,0.891558
624,-5.13638,2.10164,0.899695
625,1.67811,2.12671,0.900201
626,39.915,2.26932,0.857701
627,52.9195,2.4069,0.800556
628,55.1781,2.53396,0.740877
629,41.916,2.61928,0.696236
630,118.845,2.95299,0.564313
631,-25.1443,2.84829,0.596243
632,19.7903,2.87431,0.576908
633,17.0146,2.89259,0.560733
634,13.9902,2.89682,0.548001
635,37.4437,2.97792,0.508364
636,0.561382,2.94225,0.511108
637,-27.9494,2.81672,0.546634
638,-52.8754,2.63602,0.610865
639,-45.0009,2.5196,0.66596
640,-59.3969,2.37923,0.737729
641,-56.5461,2.25943,0.806183
642,-6.13981,2.30485,0.816033
643,57.8823,2.52806,0.751338
644,74.4018,2.75985,0.667438
645,60.6033,2.91012,0.599739
646,49.7705,3.00211,0.54475
647,42.7205,3.07063,0.498038
648,-42.9533,2.87455,0.552135
649,-100.978,2.48572,0.674509
650,-39.1106,2.33475,0.723626
651,-32.3977,2.21701,0.764728
652,-54.3323,2.03927,0.831797
653,-41.6825,1.91548,0.883771
654,-25.5515,1.84646,0.916495
655,58.8289,2.04445,0.848538
656,53.7934,2.21561,0.786692
657,28.4108,2.29679,0.755318
658,35.8297,2.39059,0.715066
659,7.82931,2.39533,0.708513
660,10.0741,2.4072,0.699248
661,9.45002,2.41744,0.690733
662,-27.8464,2.30834,0.727313
663,-29.7173,2.20658,0.766112
664,-17.571,2.14946,0.790125
665,-7.86976,2.12983,0.802325
666,-15.2167,2.08468,0.823473
667,31.8597,2.19122,0.787139
668,36.0274,2.29934,0.745756
669,16.914,2.33976,0.72784
670,12.7285,2.35927,0.715069
671,33.1146,2.43952,0.677218
672,-14.2255,2.36327,0.697726
673,-19.1285,2.27795,0.724239
674,-15.8232,2.20678,0.746612
675,-16.0443,2.13484,0.769212
676,-23.2777,2.04329,0.80075
677,-18.8923,1.97031,0.826783
678,-15.3987,1.91003,0.848421
679,0.637815,1.90236,0.850005
680,1.2053,1.89398,0.850869
681,3.79139,1.89359,0.848483
682,3.80925,1.89284,0.846069
683,1.11017,1.8843,0.847046
684,2.07273,1.87842,0.846801
685,-0.604483,1.86378,0.849926
686,-5.11401,1.83508,0.858742
687,-5.85238,1.80622,0.868475
688,-2.69694,1.79041,0.874188
689,-1.06633,1.78026,0.877819
690,3.65731,1.7853,0.875427
691,9.79515,1.81022,0.865206
692,13.2394,1.84374,0.850591
693,12.4663,1.87248,0.836981
694,4.05615,1.87352,0.834172
695,0.63635,1.86364,0.835755
696,-6.53687,1.83206,0.846564
697,-5.78632,1.80598,0.856388
698,-6.66259,1.77854,0.867329
699,-5.26551,1.75648,0.876447
700,0.735307,1.75556,0.877775
701,3.01279,1.76267,0.876146
702,-1.56603,1.75412,0.88048
703,4.4376,1.76716,0.876988
704,11.2631,1.80177,0.864594
705,4.70902,1.81026,0.86079
706,0.727636,1.80604,0.862207
707,14.5164,1.8441,0.84552
708,-2.36557,1.82494,0.851048
709,-3.39185,1.80392,0.857914
710,-5.34409,1.77554,0.867338
711,-7.38055,1.74305,0.879435
712,-8.20827,1.71079,0.89261
713,-1.66687,1.70039,0.897091
714,-7.96895,1.66939,0.909937
715,4.32389,1.67949,0.906406
716,-3.91206,1.65949,0.913858
717,4.21271,1.66637,0.910446
718,-4.28725,1.64458,0.918406
719,4.03648,1.64924,0.915197
720,-1.33748,1.63534,0.9192
721,-7.33669,1.60304,0.931258
722,-5.43857,1.57911,0.940739
723,0.317755,1.57439,0.94244
724,-9.94883,1.53507,0.958007
725,-7.7424,1.50574,0.970564
726,-3.6639,1.49072,0.977575
727,-5.71468,1.46727,0.98736
728,-7.82832,1.43706,1
729,0.352777,1.4342,1.00148
730,-7.03465,1.40705,1.01304
731,-6.17224,1.38481,1.0234
732,-4.52378,1.36669,1.0315
733,-7.49694,1.33844,1.04365
734,-1.67992,1.33065,1.0478
735,-7.70895,1.30273,1.06024
736,-6.31549,1.27979,1.07075
737,-0.379576,1.27731,1.07304
738,-6.26447,1.25478,1.08347
739,-2.93991,1.24311,1.08928
740,-9.33731,1.21106,1.10397
741,-2.99414,1.2005,1.10981
742,-0.132068,1.19833,1.11167
743,-5.1907,1.17943,1.12058
744,-5.2352,1.16029,1.12954
745,-2.32939,1.15076,1.13442
746,-5.15574,1.13207,1.14326
747,-2.21046,1.124,1.14795
748,-8.33129,1.09574,1.16124
749,-3.69932,1.08476,1.168
750,-5.93777,1.06516,1.1779
751,1.8997,1.07269,1.17673
752,-5.38584,1.05506,1.18587
753,4.20466,1.0698,1.18141
754,-0.23796,1.06706,1.18327
755,2.19681,1.07326,1.18167
756,-3.35062,1.06127,1.18797
757,-6.17133,1.04136,1.19828
758,-8.29341,1.01335,1.21161
759,-4.21486,1.00136,1.21909
760,-5.53561,0.985975,1.22846
761,-4.02335,0.975743,1.23566
762,2.37348,0.985782,1.23366
763,6.12409,1.00826,1.22627
764,3.60782,1.02058,1.22253
765,1.64151,1.02568,1.22164
766,-0.973772,1.02214,1.22453
767,-12.3404,0.980942,1.24388
768,-8.92737,0.95329,1.25825
769,-2.86128,0.946069,1.2638
770,-2.58763,0.939337,1.26894
771,9.26131,0.972272,1.25683
772,3.51538,0.985747,1.25313
773,2.29435,0.995019,1.25123
774,1.36926,1.00039,1.25068
775,2.75175,1.00982,1.24812
776,-0.847718,1.00726,1.25085
777,-2.38984,1.00016,1.25585
778,-5.83002,0.982072,1.26591
779,-1.96125,0.97689,1.27026
780,-0.791394,0.975225,1.27287
781,-5.75733,0.95752,1.28283
782,-4.79137,0.943825,1.29135
783,-3.80911,0.933358,1.29841
784,-1.95087,0.929035,1.3027
785,-6.02798,0.910968,1.31305
786,-8.70364,0.884688,1.32738
787,-6.32723,0.867396,1.33815
788,-8.33864,0.843649,1.35191
789,-9.78625,0.815908,1.36782
790,-9.34321,0.789731,1.38305
791,-5.95079,0.775791,1.39318
792,-7.35006,0.757566,1.4054
793,-9.40961,0.732773,1.42072
794,-8.17135,0.713207,1.43415
795,-3.87235,0.708362,1.44108
796,-3.74094,0.704018,1.44782
797,-4.56095,0.697722,1.45581
798,-2.78366,0.697768,1.4611
799,-3.37338,0.695881,1.4673
800,-3.00038,0.695533,1.47294
801,-5.02066,0.68874,1.48166
802,-3.15157,0.689147,1.48753
803,-1.47843,0.694798,1.49086
804,-1.59444,0.700415,1.49438
805,0.456818,0.712818,1.49477
806,-0.286715,0.722896,1.49632
807,0.654365,0.736562,1.49645
808,3.59042,0.759896,1.49208
809,-0.456052,0.769477,1.49398
810,-0.119865,0.780979,1.49537
811,1.61,0.798572,1.49411
812,8.32505,0.838416,1.4825
813,8.78196,0.878793,1.47022
814,6.63999,0.911326,1.46131
815,3.26016,0.931804,1.45769
816,1.59483,0.947161,1.45668
817,5.18016,0.975928,1.45011
818,8.1301,1.01463,1.43898
819,9.13312,1.05534,1.42633
820,9.07058,1.09456,1.41382
821,5.3105,1.12018,1.40724
822,4.43776,1.14277,1.40205
823,4.82791,1.16593,1.39629
824,8.84712,1.20128,1.38423
825,8.50774,1.23351,1.37274
826,2.27199,1.24317,1.37111
827,-0.794498,1.24234,1.37434
828,-2.35652,1.23544,1.38003
829,-6.17172,1.21471,1.39176
830,-8.62811,1.18648,1.40737
831,-11.2907,1.15102,1.42718
832,-8.93703,1.12454,1.44322
833,-3.01711,1.11854,1.44982
834,-0.175216,1.12166,1.45189
835,-1.09561,1.12159,1.45544
836,1.56809,1.13122,1.45474
837,5.22081,1.15302,1.44821
838,3.97341,1.1694,1.44371
839,2.23464,1.17955,1.44201
840,-2.77072,1.17338,1.44837
841,-1.69949,1.17204,1.453
842,-3.20421,1.166,1.46006
843,-0.919444,1.16829,1.46344
844,1.61398,1.17884,1.46273
845,2.15479,1.19124,1.46117
846,-2.59415,1.18781,1.46731
847,-4.28582,1.17969,1.4762
848,-7.72031,1.15921,1.49066
849,-25.2703,1.07931,1.53362
850,-3.83028,1.07769,1.54164
851,-10.1755,1.05382,1.55999
852,-21.7554,0.992675,1.59723
853,-23.0513,0.928,1.63653
854,-24.2364,0.862638,1.67772
855,-23.9804,0.799033,1.71844
856,-22.1124,0.743944,1.75605
857,-27.2584,0.672818,1.80206
858,-16.4391,0.64133,1.83024
859,-17.9955,0.604825,1.86096
860,-13.5184,0.584184,1.88428
861,-12.0732,0.569411,1.90522
862,-12.9789,0.552949,1.92765
863,-22.5776,0.504889,1.96597
864,-4.65765,0.520121,1.97458
865,2.2058,0.55887,1.97184
866,-5.82947,0.569181,1.9825
867,-9.72215,0.566153,1.99966
868,-4.15033,0.58299,2.00757
869,-11.3397,0.575195,2.0275
870,-5.68424,0.58839,2.03801
871,-1.05118,0.61752,2.0408
872,-8.61763,0.621002,2.05631
873,-1.60815,0.649567,2.06011
874,1.67998,0.690043,2.05844
875,-5.24877,0.706974,2.06848
876,-19.9553,0.673621,2.10329
877,-7.87893,0.683435,2.11775
878,5.41973,0.738507,2.10983
879,-2.45631,0.765446,2.11529
880,-11.7669,0.760863,2.13653
881,18.017,0.859975,2.1074
882,12.5686,0.937823,2.08764
883,6.46546,0.994255,2.07832
884,5.33855,1.04611,2.07101
885,1.56426,1.08524,2.07019
886,11.9179,1.1601,2.05182
887,8.84026,1.22297,2.03879
888,16.2102,1.3107,2.01329
889,16.2086,1.39728,1.9879
890,20.6057,1.49788,1.9551
891,16.0013,1.57964,1.93032
892,20.1853,1.67418,1.89848
893,20.1137,1.76668,1.86688
894,14.0873,1.8368,1.84575
895,7.40231,1.88268,1.83622
896,7.74777,1.92904,1.82616
897,1.13122,1.95092,1.82758
898,6.36452,1.99075,1.82001
899,1.49271,2.01215,1.82091
900,3.83989,2.04082,1.81778
901,4.4343,2.0697,1.81367
902,-1.35089,2.0764,1.81964
903,-12.8942,2.04269,1.84567
904,-2.60933,2.04507,1.85379
905,-16.0395,1.99905,1.8853
906,-5.18493,1.99206,1.89785
907,-4.29127,1.98499,1.90884
908,-9.40029,1.9612,1.92876
909,-9.92518,1.93387,1.94957
910,-18.4449,1.87811,1.98528
911,-9.60779,1.85585,2.00545
912,-14.2822,1.81711,2.0338
913,-9.65275,1.79517,2.05399
914,-11.2813,1.76684,2.07702
915,-13.8942,1.7302,2.10463
916,-10.4845,1.70539,2.1262
917,-11.8847,1.67648,2.15022
918,-20.5886,1.61687,2.18959
919,-6.08032,1.61078,2.20325
920,7.00205,1.65033,2.19373
921,7.24727,1.68988,2.18385
922,5.62696,1.723,2.17689
923,-1.98972,1.7295,2.18352
924,12.3636,1.7877,2.16464
925,-15.5611,1.74601,2.19558
926,-9.73923,1.72827,2.2161
927,11.9249,1.78575,2.19793
928,-6.96003,1.77879,2.2136
929,-17.9179,1.73657,2.24889
930,-10.6872,1.72068,2.27119
931,0.810041,1.74544,2.27287
932,-1.18089,1.76379,2.27818
933,0.994953,1.78861,2.27961
934,18.2608,1.8731,2.25003
935,9.85157,1.92475,2.2357
936,-3.07212,1.93066,2.24475
937,-1.27303,1.94153,2.25057
938,-13.0812,1.90998,2.27776
939,-20.2867,1.85456,2.31795
940,-20.3876,1.80031,2.35827
941,-24.4407,1.73285,2.40588
942,-30.2378,1.647,2.46395
943,-23.4555,1.58595,2.5096
944,-26.552,1.5166,2.56083
945,-28.0705,1.4447,2.61475
946,-13.2161,1.42816,2.64154
947,7.10893,1.48218,2.63124
948,-6.50412,1.48597,2.64588
949,1.35606,1.52024,2.64618
950,-3.88791,1.53586,2.65615
951,17.9157,1.62865,2.6262
952,42.2708,1.8029,2.5517
953,-0.970538,1.82151,2.55685
954,12.4588,1.8877,2.53735
955,-0.490814,1.90838,2.54178
956,2.75009,1.93908,2.54028
957,-0.106234,1.96057,2.5441
958,-13.7672,1.93344,2.57319
959,-10.2657,1.92166,2.59579
960,-10.3849,1.91059,2.61862
961,18.6957,2.0032,2.58759
962,4.72877,2.04373,2.5826
963,3.60337,2.08293,2.57977
964,8.30041,2.13844,2.56828
965,-1.25445,2.16028,2.57465
966,3.3813,2.20086,2.57245
967,-13.1233,2.18187,2.60107
968,24.0495,2.29708,2.56035
969,12.9604,2.36881,2.5405
970,22.2559,2.47465,2.5034
971,44.5142,2.65509,2.4248
972,0.142811,2.67686,2.42956
973,1.92967,2.70457,2.43102
974,-3.63423,2.71244,2.44297
975,4.17663,2.74843,2.44028
976,-2.48416,2.76032,2.45018
977,-6.57326,2.75904,2.46781
978,2.92716,2.7917,2.46755
979,9.87571,2.84753,2.45425
980,8.83323,2.89904,2.443
981,8.37529,2.94738,2.43271
982,10.3787,3.00251,2.4187
983,10.7226,3.05888,2.40413
984,12.3063,3.11851,2.38665
985,11.7821,3.17613,2.37026
986,9.44251,3.22474,2.35841
987,9.9638,3.27581,2.34564
988,8.85581,3.32112,2.33507
989,14.2523,3.38486,2.31429
990,16.2045,3.4537,2.28989
991,12.875,3.50917,2.27194
992,12.7675,3.56276,2.25429
993,13.1836,3.61605,2.23592
994,14.2064,3.67189,2.21568
995,14.2765,3.72604,2.19539
996,6.28648,3.75179,2.19051
997,9.37333,3.78728,2.17974
998,14.7485,3.83918,2.1587
999,8.33453,3.86798,2.15007
1000,10.0436,3.9017,2.1382
1001,6.21619,3.92036,2.13376
1002,5.96323,3.93815,2.12984
1003,10.927,3.97108,2.11635
1004,2.25293,3.97418,2.11969
1005,6.73537,3.99277,2.11436
1006,7.17398,4.01156,2.10822
1007,5.46405,4.02413,2.10541
1008,2.57363,4.02412,2.10824
1009,0.32344,4.01797,2.11544
1010,7.98487,4.03921,2.10774
1011,1.83991,4.03731,2.11204
1012,1.79592,4.03495,2.11641
1013,6.23486,4.04821,2.11213
1014,8.3771,4.06852,2.10369
1015,3.04613,4.06866,2.1057
1016,-1.17714,4.05346,2.11596
1017,1.83421,4.04808,2.12031
1018,6.25369,4.05818,2.116
1019,5.05746,4.06302,2.11404
1020,0.686692,4.05023,2.12067
1021,-1.11401,4.0295,2.13081
1022,9.03845,4.04395,2.12095
1023,-1.81683,4.01952,2.13248
1024,0.310543,4.00418,2.13978
1025,-3.31684,3.97592,2.15422
1026,0.954841,3.96357,2.16018
1027,9.52314,3.98052,2.14919
1028,11.2655,4.00254,2.13477
1029,8.023,4.00969,2.1268
1030,3.53468,4.00276,2.12773
1031,6.48361,4.00555,2.1228
1032,4.46911,4.00089,2.12187
1033,0.787094,3.98317,2.12824
1034,2.01761,3.97101,2.13214
1035,3.78448,3.96422,2.1325
1036,6.38037,3.9668,2.12767
1037,-3.82937,3.9333,2.14321
1038,-2.03814,3.90799,2.15511
1039,5.73293,3.9103,2.15146
1040,15.0867,3.94402,2.1291
1041,4.82077,3.9391,2.12733
1042,0.147887,3.91987,2.13491
1043,11.4404,3.94067,2.11983
1044,13.2718,3.96515,2.10108
1045,3.52605,3.9545,2.10195
1046,-0.151726,3.93302,2.11019
1047,6.45701,3.93387,2.10509
1048,18.9384,3.97802,2.07486
1049,-4.69536,3.93711,2.09232
1050,-8.49212,3.88535,2.11738
1051,-0.984862,3.86036,2.1272
1052,2.88784,3.84923,2.12915
1053,-5.53254,3.80855,2.14811
1054,-9.06547,3.7551,2.17415
1055,0.227815,3.73482,2.18128
1056,-2.19168,3.70495,2.19329
1057,-8.7723,3.65272,2.21859
1058,-14.8996,3.57893,2.25627
1059,-11.8163,3.51819,2.28756
1060,-9.65549,3.46454,2.31435
1061,-11.1685,3.40821,2.34415
1062,-10.007,3.35644,2.37148
1063,-1.50013,3.3354,2.38139
1064,1.31232,3.32376,2.38551
1065,-2.71115,3.29693,2.39783
1066,-3.15056,3.26864,2.41101
1067,2.21908,3.25874,2.41314
1068,-1.4649,3.23501,2.42281
1069,-4.29944,3.20121,2.43825
1070,-4.06668,3.16872,2.45315
1071,-2.32496,3.14234,2.46442
1072,-4.28164,3.10901,2.47967
1073,-4.07695,3.07651,2.49444
1074,-7.52001,3.03227,2.51625
1075,-2.85182,3.00582,2.52837
1076,-2.41489,2.98016,2.53954
1077,0.841661,2.96527,2.54394
1078,0.284579,2.94704,2.54946
1079,0.357976,2.92837,2.55479
1080,-2.19697,2.90047,2.56538
1081,-2.77723,2.87058,2.57713
1082,-5.98392,2.82922,2.59546
1083,-6.03472,2.7888,2.61384
1084,-6.27694,2.74863,2.63265
1085,-6.27678,2.71019,2.65139
1086,-2.98709,2.68396,2.66323
1087,-0.484126,2.66588,2.66981
1088,-0.241283,2.64822,2.67586
1089,-2.74209,2.62228,2.68708
1090,-3.32108,2.59546,2.69947
1091,1.80229,2.58757,2.70112
1092,4.08562,2.58672,2.69798
1093,1.97123,2.57764,2.69925
1094,-0.881947,2.55874,2.70648
1095,-1.1405,2.54002,2.71422
1096,1.84455,2.53227,2.71567
1097,1.46687,2.52304,2.71789
1098,2.16005,2.51638,2.71864
1099,1.67665,2.50808,2.7204
1100,1.13153,2.4986,2.72328
1101,-0.0383634,2.48492,2.72862
1102,0.722098,2.47377,2.73232
1103,1.23762,2.46418,2.73492
1104,0.719235,2.45253,2.73859
1105,-0.0576803,2.43804,2.74388
1106,-0.0387003,2.42346,2.7491
1107,-1.76298,2.40232,2.75795
1108,-4.01385,2.37363,2.77152
1109,-4.38312,2.34389,2.78583
1110,-3.59808,2.31737,2.79842
1111,-3.78598,2.29003,2.81136
1112,-4.29222,2.26121,2.82533
1113,-2.33386,2.24001,2.83509
1114,-0.18791,2.22603,2.84024
1115,-0.289027,2.21088,2.84558
1116,-1.45147,2.19173,2.85337
1117,-1.28165,2.17311,2.86077
1118,-0.862416,2.15638,2.86723
1119,0.0342473,2.143,2.87175
1120,1.59699,2.13495,2.87291
1121,0.564125,2.12281,2.87625
1122,-0.577665,2.10681,2.88202
1123,-0.876452,2.0899,2.8884
1124,-0.0720701,2.07604,2.89302
1125,-0.382695,2.0613,2.89828
1126,0.620969,2.04992,2.90136
1127,0.0558983,2.03581,2.90563
1128,1.31475,2.02608,2.90716
1129,-5.45501,1.99184,2.92325
1130,-7.60238,1.95384,2.9439
1131,3.74912,1.95452,2.94002
1132,-10.2055,1.90848,2.96625
1133,-2.72205,1.89182,2.97624
1134,1.20829,1.88807,2.97772
1135,-2.07198,1.87495,2.98628
1136,3.58673,1.87999,2.98257
1137,2.88988,1.8808,2.98038
1138,2.7135,1.88105,2.97857
1139,-4.54804,1.85324,2.9925
1140,-7.49928,1.81525,3.01279
1141,-8.63458,1.77427,3.03547
1142,-9.43941,1.7308,3.05983
1143,-10.7328,1.68342,3.08693
1144,-11.3545,1.63529,3.11531
1145,-8.69939,1.59864,3.13782
1146,-1.75477,1.58681,3.14513
1147,-2.98017,1.56989,3.15509
1148,-6.83759,1.54035,3.17344
1149,-1.94549,1.52974,3.18106
1150,-1.43469,1.52173,3.18755
1151,-1.74347,1.51342,3.1947
1152,0,1.51172,3.19802
1153,4.38877,1.52553,3.19172
1154,1.60264,1.52886,3.19156
1155,-1.06559,1.52347,3.19726
1156,1.83101,1.52872,3.19659
1157,1.0161,1.53002,3.19773
1158,3.84524,1.54157,3.19264
1159,-1.03875,1.53504,3.19833
1160,4.5236,1.54771,3.19175
1161,0.824757,1.54601,3.19335
1162,0.566723,1.54353,3.19551
1163,-5.98981,1.51565,3.21213
1164,-6.80603,1.48597,3.2305
1165,0.0565419,1.48107,3.23366
1166,-3.02984,1.46385,3.24364
1167,-3.88342,1.44339,3.25547
1168,-7.44958,1.41039,3.27516
1169,-1.21167,1.4003,3.28097
1170,-4.16401,1.37919,3.2933
1171,-2.70676,1.36232,3.30236
1172,-0.446452,1.35365,3.30638
1173,0.441679,1.34736,3.3084
1174,-0.512977,1.33656,3.31252
1175,-2.70556,1.31712,3.32151
1176,-4.87018,1.29122,3.33528
1177,-4.06778,1.26871,3.34721
1178,-4.24309,1.24651,3.3595
1179,-1.95838,1.23369,3.36665
1180,-1.76211,1.22202,3.37333
1181,4.5615,1.23278,3.36587
1182,7.21682,1.25222,3.35248
1183,5.90937,1.26585,3.34206
1184,5.9024,1.27909,3.33167
1185,4.78333,1.28724,3.3238
1186,1.67545,1.28418,3.32292
1187,1.08588,1.27985,3.32336
1188,-2.09591,1.26476,3.33093
1189,-0.459346,1.25631,3.3348
1190,-0.0536645,1.25021,3.33774
1191,0.880321,1.24746,3.33857
1192,1.62333,1.24617,3.33772
1193,2.88182,1.24897,3.33403
1194,0.53084,1.24222,3.33564
1195,0.036183,1.23366,3.33835
1196,-1.17907,1.22002,3.34378
1197,-0.726345,1.20836,3.34817
1198,-2.33769,1.19095,3.35618
1199,-3.90341,1.16854,3.36769
1200,-2.5579,1.1512,3.37611
1201,0.464792,1.14503,3.37766
1202,-0.314301,1.1356,3.38096
1203,-0.673411,1.12463,3.38505
1204,1.50836,1.12082,3.38417
1205,-1.29244,1.10597,3.38963
1206,-1.41329,1.09068,3.39535
1207,-0.672995,1.07849,3.39934
1208,-3.15869,1.0574,3.40897
1209,-3.3986,1.03559,3.4191
1210,-3.32571,1.01456,3.42903
1211,-4.44515,0.990171,3.44146
1212,1.00177,0.985576,3.44143
1213,-0.556775,0.974783,3.44493
1214,-2.0534,0.959121,3.45184
1215,0.75509,0.953981,3.4523
1216,-1.3133,0.941369,3.45747
1217,-1.34489,0.929576,3.4627
1218,1.13387,0.92566,3.46222
1219,-1.58958,0.911731,3.46797
1220,1.04688,0.907483,3.46765
1221,1.11532,0.902557,3.46716
1222,-2.8394,0.882418,3.47574
1223,-4.26789,0.856281,3.48755
1224,-0.959639,0.842065,3.49171
1225,-4.60449,0.816392,3.50422
1226,-7.8312,0.778994,3.52411
1227,-9.41482,0.736738,3.54758
1228,-9.70887,0.694945,3.57164
1229,-7.34996,0.662941,3.59019
1230,-7.30208,0.631284,3.60856
1231,-8.63812,0.595874,3.62996
1232,-3.13501,0.581034,3.63858
1233,-4.4069,0.561694,3.6501
1234,-6.42405,0.536511,3.66626
1235,-2.77121,0.524285,3.67392
1236,-8.25973,0.494195,3.69427
1237,-5.72167,0.47469,3.70868
1238,-4.11077,0.462015,3.71933
1239,-1.20252,0.4596,3.7232
1240,-0.0733855,0.462236,3.72444
1241,-1.84949,0.458831,3.72983
1242,2.41561,0.471148,3.72529
1243,1.65153,0.478838,3.72255
1244,3.13662,0.491544,3.71637
1245,-2.84478,0.482347,3.72415
1246,4.21877,0.499526,3.71545
1247,-0.995465,0.496241,3.71894
1248,-2.31057,0.489389,3.7255
1249,-5.95218,0.469759,3.74055
1250,-5.87297,0.452947,3.75538
1251,-5.37952,0.439432,3.76903
1252,-0.239003,0.444582,3.77063
1253,-3.56892,0.437277,3.78004
1254,-0.265432,0.443449,3.78171
1255,1.40536,0.455026,3.77947
1256,7.57862,0.489155,3.76279
1257,2.00921,0.50065,3.75924
1258,2.15443,0.511947,3.75537
1259,2.71227,0.525165,3.75022
1260,1.7195,0.533925,3.74742
1261,-1.44553,0.530628,3.75208
1262,-1.59809,0.526967,3.7571
1263,2.28604,0.538332,3.75297
1264,0.225869,0.541977,3.75372
1265,-0.278583,0.544115,3.75567
1266,1.91484,0.554292,3.75245
1267,5.02768,0.574723,3.7419
1268,5.3639,0.595294,3.7306
1269,5.63495,0.615866,3.7187
1270,6.03279,0.636797,3.7059
1271,7.2087,0.66053,3.69035
1272,1.42668,0.662029,3.68854
1273,-1.38386,0.653509,3.69338
1274,0.659541,0.653617,3.69337
1275,0.466511,0.653132,3.69381
1276,1.12164,0.65507,3.6927
1277,1.47053,0.658153,3.69076
1278,2.54981,0.664333,3.68627
1279,3.688,0.674462,3.67908
1280,3.58186,0.683247,3.67217
1281,1.54769,0.68396,3.67011
1282,3.81165,0.692715,3.66265
1283,4.18404,0.702048,3.65433
1284,1.22159,0.700022,3.65308
1285,-0.620969,0.691082,3.65622
1286,-0.349922,0.683297,3.6587
1287,-0.9586,0.673927,3.66261
1288,-3.93745,0.654146,3.67361
1289,-3.0242,0.638613,3.6824
1290,-3.1238,0.623269,3.69139
1291,-1.63287,0.613607,3.69678
1292,-0.85316,0.606623,3.70029
1293,-1.16806,0.598599,3.70454
1294,-1.20548,0.589933,3.70885
1295,-0.435341,0.583672,3.71131
1296,-1.30865,0.574063,3.71584
1297,-2.29357,0.56058,3.72271
1298,-3.6018,0.542337,3.7327
1299,-4.16576,0.522455,3.74401
1300,-3.56341,0.505184,3.75382
1301,-4.71299,0.483938,3.76637
1302,-4.72049,0.463049,3.77889
1303,-2.79222,0.449464,3.78673
1304,-3.01486,0.434956,3.79507
1305,-3.85299,0.417909,3.8054
1306,-3.65672,0.401468,3.81523
1307,-2.08959,0.390869,3.82123
1308,-0.470269,0.386747,3.82331
1309,-0.257285,0.383134,3.82486
1310,-0.664836,0.377341,3.82739
1311,-0.813201,0.370746,3.83026
1312,-0.217178,0.366206,3.83168
1313,-2.63398,0.352944,3.83894
1314,-1.77724,0.343676,3.8441
1315,-0.202744,0.340145,3.84542
1316,-0.0198875,0.336773,3.84628
1317,0.737409,0.33599,3.84531
1318,-0.183183,0.331793,3.84656
1319,-0.525264,0.326647,3.84864
1320,-0.252495,0.322735,3.85004
1321,-0.251664,0.318475,3.85143
1322,1.69941,0.320955,3.84807
1323,5.0108,0.334707,3.83664
1324,1.63904,0.33508,3.83346
1325,0,0.329988,3.83426
1326,-2.8492,0.315222,3.84201
1327,-5.83995,0.290887,3.85701
1328,-6.29922,0.266098,3.87309
1329,-4.55845,0.249218,3.88487
1330,-2.98274,0.238484,3.89277
1331,0.331665,0.239166,3.89254
1332,2.33192,0.246446,3.88743
1333,1.27498,0.248949,3.88491
1334,-1.89786,0.239196,3.89016
1335,-1.39662,0.23189,3.89416
1336,-2.92269,0.21805,3.90188
1337,-2.29061,0.206597,3.90803
1338,-0.786457,0.201252,3.91046
1339,2.66188,0.208392,3.90442
1340,4.1338,0.220596,3.89477
1341,5.40734,0.236668,3.88202
1342,6.11812,0.254099,3.86756
1343,4.65789,0.265716,3.85672
1344,2.57045,0.27023,3.85104
1345,2.64075,0.275365,3.8452
1346,3.78149,0.284588,3.83655
1347,6.48254,0.303145,3.82127
1348,3.64569,0.310403,3.81302
1349,2.06976,0.312773,3.80867
1350,-1.41359,0.303079,3.81292
1351,-1.99992,0.291945,3.8186
1352,-0.13751,0.288421,3.81966
1353,-4.52993,0.268803,3.83156
1354,-6.27619,0.244295,3.84774
1355,-6.90653,0.218828,3.86543
1356,-4.71738,0.202367,3.87765
1357,2.44392,0.212129,3.8721
1358,4.40679,0.227267,3.86171
1359,3.39945,0.237295,3.85385
1360,0.967742,0.237306,3.85203
1361,-1.15477,0.229422,3.85548
1362,-3.12504,0.214536,3.8638
1363,-3.22906,0.199392,3.87234
1364,-3.70741,0.182829,3.88204
1365,-6.24232,0.157429,3.89801
1366,-4.03651,0.141521,3.90844
1367,0.149532,0.14197,3.90842
1368,3.26333,0.153297,3.90065
1369,4.93309,0.170536,3.88874
1370,1.19403,0.173588,3.88619
1371,-0.558223,0.170618,3.88801
1372,-0.702502,0.16783,3.89019
1373,-2.55544,0.158598,3.89699
1374,-1.52006,0.154032,3.90119
1375,-2.44994,0.146369,3.90769
1376,-1.78506,0.141829,3.91253
1377,-0.792687,0.140909,3.91487
1378,-2.057,0.135274,3.92037
1379,-2.89609,0.126312,3.92796
1380,-3.06015,0.117281,3.93595
1381,-6.70827,0.0947906,3.95305
1382,-6.64171,0.0733663,3.96994
1383,-6.03325,0.054353,3.98526
1384,-7.60972,0.0300076,4.00449
1385,-8.15895,0.00393017,4.02505
1386,-9.71223,-0.0273784,4.04945
1387,-10.8568,-0.0620438,4.07666
1388,-9.18054,-0.0891942,4.09959
1389,-9.66999,-0.117355,4.1237
1390,-6.5938,-0.13339,4.14001
1391,-4.11894,-0.140516,4.15005
1392,-3.11567,-0.143841,4.15756
1393,-7.32341,-0.163071,4.17566
1394,-10.8462,-0.194517,4.2026
1395,-11.8786,-0.228904,4.23208
1396,-7.58842,-0.245665,4.25067
1397,-6.13865,-0.256841,4.26556
1398,-3.26512,-0.257146,4.27318
1399,-4.53729,-0.261901,4.28402
1400,1.98887,-0.242001,4.27836
1401,1.81661,-0.224389,4.27319
1402,-11.2978,-0.255405,4.30121
1403,9.67336,-0.206011,4.27613
1404,21.4477,-0.114002,4.22135
1405,19.5956,-0.0316277,4.17146
1406,25.0169,0.0683344,4.10802
1407,29.4907,0.182973,4.03347
1408,0.95182,0.188303,4.03153
1409,-2.27358,0.182322,4.03778
1410,-3.06007,0.174817,4.04602
1411,0.629167,0.18125,4.04488
1412,7.50546,0.212973,4.02629
1413,-1.51885,0.210415,4.0307
1414,-8.84985,0.181203,4.05374
1415,-19.405,0.114317,4.10357
1416,-20.3825,0.0464535,4.15575
1417,-16.4838,-0.00426716,4.19785
1418,-13.3096,-0.0427595,4.23177
1419,-11.6356,-0.0739699,4.26133
1420,-13.0727,-0.109032,4.2945
1421,-7.41623,-0.122011,4.31317
1422,-7.64617,-0.136474,4.3324
1423,-11.2613,-0.164796,4.36083
1424,-7.57121,-0.179058,4.37977
1425,4.09579,-0.14834,4.36889
1426,7.37022,-0.10609,4.34971
1427,3.34606,-0.0799718,4.34092
1428,-0.99707,-0.0702809,4.3433
1429,0.216209,-0.0558734,4.3426
1430,-5.26453,-0.0616647,4.35597
1431,-8.15748,-0.0777886,4.37674
1432,-3.67608,-0.0771222,4.386
1433,-9.30873,-0.0975673,4.40969
1434,-1.02043,-0.0866914,4.4121
1435,-9.08694,-0.105588,4.43522
1436,-12.2631,-0.135613,4.46646
1437,-5.80372,-0.139846,4.48106
1438,-16.9222,-0.18494,4.52421
1439,6.49049,-0.141259,4.50711
1440,-1.52527,-0.129532,4.51071
1441,1.64399,-0.106541,4.50619
1442,-2.31328,-0.0981051,4.51191
1443,1.95848,-0.0725588,4.50666
1444,2.2008,-0.0476788,4.50085
1445,10.5426,0.00782034,4.47361
1446,2.50598,0.0312265,4.46721
1447,2.72631,0.0558838,4.4603
1448,-1.36501,0.0649569,4.464
1449,0.555097,0.0824702,4.46278
1450,-10.0717,0.0589542,4.48903
1451,-4.1125,0.0587099,4.49984
1452,0.261794,0.074658,4.49935
1453,-27.5853,-0.0154844,4.57087
1454,-17.5398,-0.0637752,4.61623
1455,-18.8562,-0.11813,4.66488
1456,-28.3701,-0.205382,4.73803
1457,-62.9379,-0.426694,4.90045
1458,-21.4896,-0.485071,4.95505
1459,-32.5376,-0.58378,5.03815
1460,-28.0428,-0.663059,5.10938
1461,-19.0712,-0.708738,5.15716
1462,4.13622,-0.664919,5.14466
1463,-11.6894,-0.683385,5.17333
1464,-9.28728,-0.692661,5.19573
1465,7.23272,-0.639924,5.1752
1466,8.0933,-0.585452,5.15257
1467,0.705867,-0.559939,5.14927
1468,-10.5976,-0.577759,5.17542
1469,-4.41022,-0.571689,5.18544
1470,-5.28268,-0.569607,5.19775
1471,-1.54098,-0.553038,5.20033
1472,-3.64449,-0.545707,5.20843
1473,1.5088,-0.518819,5.20313
1474,2.67266,-0.487741,5.19486
1475,-5.50261,-0.487798,5.20799
1476,-13.1504,-0.516325,5.24106
1477,-15.1919,-0.551607,5.27941
1478,-12.1726,-0.574653,5.30979
1479,-1.98864,-0.558263,5.31354
1480,-5.59711,-0.555878,5.32676
1481,-0.768628,-0.534888,5.32737
1482,5.55654,-0.489593,5.31151
1483,-1.90302,-0.47293,5.31526
1484,-1.87894,-0.456319,5.319
1485,8.60537,-0.400121,5.29534
1486,-2.54104,-0.387141,5.301
1487,4.93688,-0.345348,5.28711
1488,6.22692,-0.298944,5.26995
1489,2.08856,-0.269027,5.26375
1490,22.6728,-0.161327,5.20365
1491,8.36259,-0.110243,5.18134
1492,-7.00127,-0.117952,5.19947
1493,-9.2026,-0.132416,5.22337
1494,-3.15444,-0.122611,5.23136
1495,0.496294,-0.0990921,5.22979
1496,0.976246,-0.0740825,5.22702
1497,6.61829,-0.0276452,5.20948
1498,-19.9138,-0.0813236,5.26184
1499,-3.01889,-0.067692,5.26963
1500,2.80899,-0.0326529,5.26212
1501,5.10526,0.00988234,5.24866
1502,15.9454,0.0929598,5.20675
1503,-4.11567,0.0989714,5.21789
1504,-0.744803,0.118877,5.22018
1505,-10.9237,0.0997121,5.24935
1506,18.863,0.194429,5.19992
1507,-8.68395,0.181718,5.22341
1508,-0.458356,0.202236,5.22516
1509,-16.247,0.163036,5.26865
1510,-13.018,0.138991,5.30354
1511,-11.0724,0.122476,5.33324
1512,3.91756,0.163926,5.32328
1513,-19.4559,0.115511,5.37523
1514,-8.4352,0.111538,5.39792
1515,5.15315,0.158759,5.38466
1516,6.96826,0.212216,5.3667
1517,0.114477,0.238124,5.36703
1518,8.06605,0.294014,5.34636
1519,10.2717,0.358198,5.31999
1520,-9.44596,0.345772,5.34605
1521,-2.90825,0.359147,5.35475
1522,-3.48327,0.369939,5.36501
1523,-6.24866,0.371042,5.38264
1524,-5.5936,0.374837,5.39855
1525,-4.73614,0.383418,5.4122
1526,-0.271028,0.408685,5.41401
1527,8.0012,0.465266,5.39391
1528,-0.523713,0.489065,5.39661
1529,-6.03134,0.49223,5.41402
1530,16.3293,0.58172,5.37197
1531,15.58,0.666496,5.33213
1532,5.33605,0.710915,5.31977
1533,16.3645,0.796745,5.27815
1534,15.1362,0.876825,5.24002
1535,9.51571,0.934631,5.21706
1536,10.5873,0.996018,5.19139
1537,14.4949,1.07197,5.15546
1538,6.52135,1.11666,5.14098
1539,2.97689,1.14779,5.13608
1540,8.81398,1.20132,5.11568
1541,9.66737,1.25698,5.09314
1542,6.24897,1.29837,5.07986
1543,5.83538,1.33812,5.0678
1544,4.44036,1.37175,5.05956
1545,4.90774,1.40641,5.05016
1546,3.34552,1.43464,5.04503
1547,6.52826,1.47451,5.03146
1548,7.32284,1.51616,5.01585
1549,9.61246,1.56497,4.99422
1550,5.63068,1.59786,4.98338
1551,10.3217,1.6482,4.96005
1552,4.13248,1.67362,4.95343
1553,4.48016,1.70021,4.94595
1554,6.83978,1.73509,4.9322
1555,10.3815,1.78279,4.90904
1556,5.04644,1.80846,4.90032
1557,3.01079,1.82544,4.89713
1558,2.22792,1.8401,4.89608
1559,3.99543,1.8612,4.89032
1560,-3.51289,1.85337,4.9048
1561,-3.7418,1.84496,4.91988
1562,5.63306,1.87212,4.90973
1563,-1.7273,1.87059,4.91944
1564,-5.92223,1.85264,4.94044
1565,2.83798,1.86849,4.93783
1566,1.91465,1.87956,4.93773
1567,-7.1523,1.8557,4.96209
1568,-6.92808,1.83423,4.98579
1569,0.255498,1.84085,4.99008
1570,-2.77402,1.83509,5.00256
1571,-2.13757,1.83252,5.0133
1572,5.45042,1.85847,5.00358
1573,4.10388,1.87783,4.99755
1574,3.56494,1.89487,4.99302
1575,-1.92518,1.89076,5.00336
1576,-3.14238,1.88243,5.01699
1577,1.35177,1.8916,5.01846
1578,-0.981098,1.89267,5.02625
1579,1.49829,1.90435,5.02736
1580,6.96914,1.93657,5.01369
1581,11.1325,1.98286,4.98884
1582,4.08379,2.00164,4.98318
1583,7.29052,2.03271,4.96889
1584,-1.8591,2.02777,4.97946
1585,-7.52709,2.00329,5.00538
1586,4.20062,2.02438,4.99946
1587,0.197571,2.0294,5.00444
1588,3.96381,2.04911,4.99923
1589,-0.79683,2.05007,5.00698
1590,-5.54847,2.03405,5.02764
1591,7.12903,2.06718,5.01384
1592,1.60901,2.07869,5.01512
1593,-3.07973,2.07342,5.02917
1594,2.24965,2.0881,5.02873
1595,1.32859,2.09911,5.03083
1596,0.701987,2.10782,5.03467
1597,0.696806,2.11714,5.03855
1598,5.15721,2.14409,5.03032
1599,14.0102,2.20424,4.99807
1600,22.3111,2.29358,4.94338
1601,22.0071,2.37717,4.88973
1602,13.3956,2.42777,4.85975
1603,22.2258,2.51378,4.80584
1604,17.4023,2.58156,4.7653
1605,3.06463,2.59443,4.76401
1606,14.6447,2.65176,4.73118
1607,16.9286,2.71679,4.69227
1608,20.2672,2.79407,4.64441
1609,22.924,2.87957,4.5895
1610,11.3304,2.91785,4.56645
1611,17.2779,2.97639,4.52724
1612,20.4605,3.04588,4.47949
1613,16.1819,3.09652,4.4436
1614,5.94185,3.10539,4.43581
1615,2.9541,3.10316,4.43622
1616,2.94157,3.10126,4.43666
1617,8.51383,3.1202,4.42185
1618,-3.63101,3.09152,4.44032
1619,-0.290612,3.0752,4.44957
1620,9.26452,3.095,4.43261
1621,12.5288,3.12602,4.40676
1622,2.71177,3.11683,4.40787
1623,-1.86262,3.08883,4.42149
1624,7.05163,3.09516,4.4106
1625,4.93087,3.09253,4.40554
1626,-2.32068,3.06123,4.42036
1627,-3.16049,3.02708,4.4374
1628,3.75871,3.01971,4.43537
1629,0.769025,3.00124,4.44152
1630,-3.28242,2.96812,4.45875
1631,-3.34109,2.93617,4.47606
1632,7.59915,2.94531,4.46322
1633,5.52821,2.94545,4.4561
1634,3.83974,2.93896,4.45361
1635,4.73305,2.93452,4.44865
1636,3.99709,2.92527,4.44569
1637,-8.1772,2.87074,4.4762
1638,-9.4052,2.81546,4.50996
1639,-5.67392,2.77515,4.53331
1640,-10.5017,2.7174,4.56986
1641,-8.87511,2.66834,4.60177
1642,-7.8823,2.62443,4.63083
1643,-3.07539,2.59793,4.64653
1644,-1.16591,2.57749,4.65689
1645,-1.32415,2.55438,4.66763
1646,-3.14679,2.52296,4.68333
1647,-6.92942,2.47804,4.70938
1648,-10.8124,2.41849,4.74604
1649,-8.06676,2.36902,4.77496
1650,-4.37463,2.33343,4.79355
1651,-4.64881,2.29812,4.81282
1652,-6.26548,2.25679,4.83645
1653,-2.25473,2.232,4.8489
1654,3.07073,2.22638,4.84656
1655,0.924654,2.21263,4.85013
1656,-0.574015,2.19426,4.85782
1657,1.34248,2.18392,4.86016
1658,3.60382,2.18169,4.85621
1659,3.05159,2.17732,4.85378
1660,-1.68868,2.15495,4.86446
1661,-2.55998,2.13053,4.8775
1662,-3.41324,2.10397,4.89284
1663,-1.85108,2.08362,4.90379
1664,-3.43797,2.05652,4.91908
1665,-5.86328,2.02094,4.94102
1666,-4.82952,1.99082,4.96001
1667,-1.23816,1.9737,4.96896
1668,-0.704158,1.9571,4.97637
1669,-0.249382,1.94149,4.98247
1670,-0.822863,1.92278,4.99013
1671,-4.53015,1.88983,5.00802
1672,-8.49916,1.84286,5.03686
1673,-6.84575,1.80246,5.06098
1674,-4.97694,1.76929,5.0798
1675,-10.8248,1.71463,5.1148
1676,-11.5625,1.65866,5.1517
1677,-7.78003,1.61907,5.17795
1678,-4.72784,1.59079,5.1956
1679,-6.33412,1.55619,5.21764
1680,-6.17364,1.52205,5.23914
1681,-3.77597,1.4972,5.25388
1682,-0.100273,1.48656,5.25832
1683,-2.99484,1.46442,5.27079
1684,-3.94583,1.43889,5.28585
1685,-2.17474,1.42016,5.29591
1686,-4.13883,1.39528,5.3114
1687,-6.22314,1.36384,5.33263
1688,-4.90554,1.3384,5.35012
1689,-0.727586,1.32827,5.35588
1690,1.32629,1.32628,5.35588
1691,0.442857,1.31986,5.35833
1692,0.686846,1.31465,5.36009
1693,1.83401,1.31399,5.35863
1694,-0.689379,1.30345,5.36422
1695,-3.80396,1.28164,5.37849
1696,-3.95873,1.25959,5.39313
1697,-6.27405,1.23008,5.41419
1698,-8.34339,1.19433,5.44096
1699,-9.5473,1.15636,5.47102
1700,-13.3578,1.10561,5.51164
1701,-9.97378,1.06939,5.54266
1702,-7.11518,1.0453,5.56559
1703,-2.9953,1.03715,5.57693
1704,-0.836783,1.03549,5.58219
1705,5.42333,1.05688,5.56991
1706,4.87403,1.0749,5.55923
1707,1.99663,1.07906,5.55664
1708,-2.35573,1.06563,5.56627
1709,-5.07524,1.04333,5.58349
1710,-10.8253,1.00037,5.61679
1711,-10.5977,0.958499,5.64933
1712,-15.6335,0.898746,5.6959
1713,-12.3645,0.854682,5.73315
1714,-9.63791,0.821149,5.76262
1715,-4.51449,0.806317,5.77762
1716,-3.72581,0.79341,5.79036
1717,-0.870449,0.790358,5.79505
1718,-1.18434,0.784721,5.8006
1719,-3.17259,0.77151,5.81173
1720,-5.56263,0.750404,5.82955
1721,-5.69197,0.729455,5.84768
1722,-3.86235,0.716983,5.86061
1723,-1.68714,0.713396,5.86739
1724,1.43082,0.721406,5.86538
1725,-1.52267,0.717354,5.87171
1726,1.8744,0.72589,5.86847
1727,0.54085,0.72817,5.869
1728,-0.68313,0.725303,5.87298
1729,-4.06931,0.710323,5.8865
1730,-2.1868,0.703138,5.89467
1731,-0.545843,0.701628,5.8982
1732,-3.97171,0.68619,5.91138
1733,-5.35013,0.66647,5.92842
1734,-3.47965,0.654515,5.94012
1735,-1.71658,0.649299,5.94682
1736,-3.95545,0.635181,5.95983
1737,-1.72909,0.629683,5.96651
1738,-1.90427,0.622812,5.97368
1739,1.77858,0.629428,5.97042
1740,-1.61892,0.622167,5.97677
1741,3.35875,0.633762,5.96904
1742,1.94393,0.63829,5.96534
1743,-3.71201,0.62231,5.97764
1744,-2.23234,0.611565,5.98571
1745,0.107834,0.609282,5.98713
1746,1.67087,0.612999,5.98413
1747,3.69082,0.62368,5.97542
1748,4.5592,0.63668,5.96428
1749,4.59811,0.648327,5.95305
1750,2.56324,0.651751,5.94762
1751,-0.299422,0.644783,5.9503
1752,-1.75416,0.633037,5.95709
1753,1.57638,0.634671,5.95441
1754,3.48608,0.642595,5.94633
1755,4.64337,0.655157,5.93498
1756,4.24055,0.664723,5.9248
1757,4.95937,0.675924,5.91261
1758,2.39355,0.676509,5.90772
1759,-1.08058,0.664245,5.91269
1760,-1.80161,0.649586,5.91967
1761,0.45653,0.643668,5.9202
1762,1.89066,0.642611,5.91665
1763,1.03939,0.637281,5.9155
1764,2.94847,0.63896,5.90892
1765,2.66176,0.63831,5.90315
1766,1.14142,0.631762,5.90169
1767,-2.48151,0.611174,5.91052
1768,-2.43188,0.590427,5.91914
1769,3.57749,0.592549,5.91062
1770,-0.355624,0.579451,5.91329
1771,-0.433908,0.565623,5.91615
1772,-1.86023,0.545135,5.92301
1773,-2.3515,0.524385,5.93123
1774,0.560568,0.514194,5.9311
1775,-3.87005,0.487563,5.94355
1776,0.386061,0.478537,5.94381
1777,2.07298,0.474006,5.93924
1778,1.28368,0.46653,5.93691
1779,0.162056,0.454119,5.93774
1780,2.6859,0.45106,5.93135
1781,2.30387,0.444959,5.92603
1782,-3.45552,0.418108,5.93711
1783,-3.81645,0.390737,5.94916
1784,-4.54399,0.36151,5.9632
1785,-0.34658,0.348602,5.96519
1786,-0.931711,0.332985,5.96882
1787,-1.89124,0.313542,5.97513
1788,0.305473,0.301606,5.97512
1789,-1.57899,0.281843,5.98045
1790,-4.09608,0.252673,5.99292
1791,-6.03553,0.216396,6.01085
1792,-7.59464,0.176494,6.03313
1793,-5.97497,0.143557,6.05068
1794,-8.67788,0.100548,6.07587
1795,-5.37275,0.0725092,6.0915
1796,-1.85739,0.0573463,6.09699
1797,-1.00349,0.0452188,6.1
1798,-0.304381,0.0353181,6.10098
1799,-1.59009,0.0193514,6.1056
1800,-0.0180915,0.0101266,6.10568
1801,-0.578195,-0.00218751,6.10734
1802,-8.33274,-0.0436988,6.13116
1803,-7.52382,-0.0801147,6.15255
1804,-10.9423,-0.12747,6.18364
1805,-11.4164,-0.174555,6.21597
1806,-8.4226,-0.209187,6.23959
1807,-5.12545,-0.230037,6.25367
1808,-0.633733,-0.233553,6.25482
1809,-0.951986,-0.238591,6.25688
1810,2.54858,-0.230878,6.24888
1811,2.59384,-0.225829,6.24076
1812,0.988403,-0.227216,6.23726
1813,-3.82006,-0.246033,6.24755
1814,-6.16398,-0.272677,6.26452
1815,-9.58248,-0.310118,6.29124
1816,-8.84097,-0.343431,6.31572
1817,-4.39444,-0.358934,6.32736
1818,-4.2457,-0.373627,6.33852
1819,2.62753,-0.362288,6.3299
1820,-4.33813,-0.378013,6.34132
1821,-5.66527,-0.397565,6.35651
1822,-4.3859,-0.41323,6.36798
1823,-3.40986,-0.42528,6.37659
1824,-2.52612,-0.43326,6.38263
1825,-3.04329,-0.441451,6.39014
1826,-13.1665,-0.486129,6.42675
1827,-4.42725,-0.496504,6.4381
1828,-3.23446,-0.50261,6.446
1829,-2.21937,-0.503406,6.45095
1830,-5.20682,-0.515604,6.46451
1831,-2.05193,-0.514551,6.46895
1832,1.15643,-0.502673,6.46416
1833,-1.44946,-0.501273,6.4669
1834,-4.42984,-0.510723,6.47823
1835,-2.82879,-0.513218,6.48493
1836,1.71493,-0.499552,6.47852
1837,-2.37554,-0.501566,6.48394
1838,-3.63891,-0.507565,6.49301
1839,-1.64109,-0.504909,6.49629
1840,3.45277,-0.483198,6.4849
1841,0.686732,-0.47296,6.48154
1842,-2.27444,-0.47381,6.48676
1843,1.23445,-0.46037,6.48185
1844,3.82214,-0.437597,6.4695
1845,1.51781,-0.424753,6.46388
1846,-0.837209,-0.4212,6.46508
1847,-1.99564,-0.421832,6.46964
1848,-2.23532,-0.422826,6.4749
1849,-3.78404,-0.428953,6.48463
1850,-2.86622,-0.430531,6.49169
1851,0.262909,-0.419913,6.48971
1852,1.44946,-0.404445,6.48433
1853,3.39913,-0.381513,6.47336
1854,4.44522,-0.355997,6.45943
1855,4.29343,-0.331448,6.446
1856,3.63201,-0.30976,6.43455
1857,1.93916,-0.294737,6.42807
1858,4.00894,-0.272022,6.41563
1859,4.9383,-0.246093,6.40057
1860,4.8899,-0.22083,6.38572
1861,4.97746,-0.195807,6.37068
1862,1.75853,-0.183282,6.36504
1863,4.57615,-0.159977,6.35127
1864,10.0814,-0.116819,6.32162
1865,3.74968,-0.0993149,6.31042
1866,5.94178,-0.0728915,6.29293
1867,7.01917,-0.0430818,6.27238
1868,5.22362,-0.0213346,6.25712
1869,2.3559,-0.0104141,6.25023
1870,8.29631,0.0234413,6.22615
1871,6.73417,0.0498847,6.20669
1872,3.28988,0.0623183,6.19729
1873,3.76705,0.0765903,6.18654
1874,4.89481,0.0942843,6.17256
1875,2.7886,0.103107,6.16473
1876,0.739388,0.104347,6.16288
1877,2.67255,0.113093,6.15542
1878,1.60802,0.117644,6.15108
1879,1.13385,0.12049,6.14813
1880,3.0676,0.129936,6.13956
1881,2.71389,0.13718,6.13204
1882,0.83175,0.137535,6.13002
1883,0.592342,0.137158,6.12869
1884,3.71556,0.147257,6.11828
1885,4.87297,0.161841,6.10453
1886,2.23014,0.16567,6.0985
1887,-0.975984,0.156961,6.10181
1888,-0.299453,0.151307,6.10313
1889,0.410274,0.148631,6.10236
1890,2.58691,0.155188,6.09526
1891,4.77869,0.169221,6.08179
1892,3.61943,0.177785,6.07174
1893,2.6915,0.182034,6.0644
1894,6.4572,0.201132,6.04612
1895,1.98551,0.201671,6.0409
1896,4.77281,0.212438,6.02757
1897,2.11951,0.212462,6.02199
1898,2.53124,0.214775,6.01522
1899,0.290628,0.208354,6.01497
1900,0.511556,0.202178,6.01407
1901,1.58145,0.200799,6.01003
1902,1.02965,0.198,6.0076
1903,0.763637,0.194542,6.00593
1904,-0.360227,0.186905,6.00753
1905,10.0718,0.2188,5.97868
1906,9.83926,0.248188,5.95059
1907,7.42966,0.26785,5.92961
1908,0.443988,0.26055,5.92907
1909,2.84398,0.262668,5.92151
1910,3.79512,0.268473,5.91117
1911,0.0856759,0.260258,5.91168
1912,-0.715108,0.249696,5.91451
1913,4.19033,0.258615,5.90299
1914,7.11064,0.277813,5.88295
1915,2.03567,0.276682,5.87779
1916,1.87788,0.274373,5.87308
1917,1.73971,0.271616,5.86878
1918,0.266078,0.262981,5.86877
1919,-2.4384,0.244763,5.87664
1920,-2.14522,0.228188,5.88361
1921,-0.712382,0.217532,5.88634
1922,1.15802,0.214061,5.88357
1923,-0.664654,0.203278,5.88612
1924,-0.218852,0.194444,5.88733
1925,2.51738,0.195959,5.88051
1926,2.85416,0.198557,5.87271
1927,-2.78178,0.179373,5.88141
1928,-3.68349,0.15768,5.8927
1929,-1.17004,0.146409,5.89657
1930,0.0927866,0.14005,5.89671
1931,-1.60194,0.126846,5.90179
1932,-1.08647,0.116292,5.90533
1933,-0.317174,0.109454,5.90659
1934,1.72432,0.111098,5.90184
1935,3.91519,0.120711,5.89067
1936,5.33795,0.134762,5.87536
1937,4.85706,0.146602,5.8615
1938,2.47549,0.149684,5.85465
1939,-0.223549,0.142914,5.85573
1940,0.410715,0.139032,5.85493
1941,4.54592,0.151189,5.84199
1942,3.04925,0.157147,5.83347
1943,0.781147,0.154303,5.83162
1944,4.05179,0.16433,5.82017
1945,3.09009,0.17049,5.81157
1946,-1.61066,0.158868,5.81678
1947,-1.97493,0.146551,5.82304
1948,-4.40043,0.125305,5.83638
1949,-8.00824,0.0905935,5.86026
1950,-8.31816,0.0564544,5.88495
1951,-5.94272,0.0329556,5.90258
1952,-5.00485,0.0132482,5.91738
1953,-1.61837,0.00662867,5.92218
1954,-0.205176,0.00442974,5.92279
1955,-2.57823,-0.00778969,5.93038
1956,-3.36194,-0.0227251,5.94024
1957,-3.40333,-0.0379809,5.95017
1958,-2.6113,-0.0499864,5.95773
1959,-4.6226,-0.0695673,5.97118
1960,-5.04245,-0.0909467,5.9858
1961,-2.67964,-0.102502,5.99341
1962,-1.20803,-0.10789,5.99667
1963,-2.20777,-0.117177,6.00284
1964,-4.03647,-0.133243,6.01438
1965,-3.98286,-0.148443,6.02571
1966,-1.23522,-0.152345,6.02891
1967,-0.378184,-0.152828,6.02958
1968,-0.714374,-0.154909,6.03123
1969,-0.814715,-0.157252,6.03317
1970,-2.62327,-0.166433,6.04044
1971,-3.87364,-0.180148,6.05137
1972,-4.1095,-0.193851,6.06295
1973,-4.19899,-0.207615,6.07476
1974,-3.95318,-0.220233,6.08581
1975,-5.4221,-0.238501,6.10115
1976,-7.01294,-0.262399,6.12114
1977,-7.51945,-0.287358,6.14255
1978,-6.87277,-0.308808,6.16198
1979,-8.5206,-0.33619,6.18622
1980,-9.02842,-0.364736,6.21188
1981,-8.10443,-0.389217,6.23474
1982,-7.29731,-0.409625,6.25514
1983,-6.77255,-0.427276,6.27395
1984,-9.10575,-0.453425,6.29959
1985,-11.2365,-0.487154,6.33145
1986,-12.1208,-0.523088,6.36583
1987,-12.408,-0.558832,6.40096
1988,-12.863,-0.594732,6.43734
1989,-11.2421,-0.623099,6.46883
1990,-10.3358,-0.646984,6.49756
1991,-14.249,-0.685756,6.5378
1992,-16.1576,-0.730051,6.58357
1993,-18.8596,-0.783709,6.63721
1994,-9.84851,-0.800521,6.66406
1995,-25.1314,-0.875264,6.73605
1996,32.8184,-0.722021,6.63649
1997,30.4384,-0.584271,6.54439
1998,17.6909,-0.499821,6.49037
1999,44.8705,-0.309482,6.3562
2000,46.182,-0.115306,6.2187
2001,1.61203,-0.0993076,6.21361
2002,1.68314,-0.0816403,6.20837
2003,2.33731,-0.0607791,6.20124
2004,-7.85056,-0.080888,6.22433
2005,-10.1606,-0.1079,6.25421
2006,-16.2207,-0.156052,6.30196
2007,-18.6349,-0.212918,6.35673
2008,-8.5849,-0.228336,6.38157
2009,-16.1128,-0.271472,6.42868
2010,-14.8412,-0.308987,6.4719
2011,-16.8152,-0.352527,6.52087
2012,-17.1734,-0.395033,6.57078
2013,-21.3049,-0.451176,6.63283
2014,-10.8362,-0.465061,6.66369
2015,2.20097,-0.428644,6.65586
2016,19.1629,-0.326937,6.59785
2017,6.53113,-0.276268,6.57759
2018,24.7147,-0.154652,6.50355
2019,7.2507,-0.103546,6.48165
2020,15.4509,-0.0205572,6.43557
2021,23.6342,0.0927089,6.36546
2022,20.9755,0.19398,6.30356
2023,9.22359,0.247879,6.27682
2024,23.8094,0.358417,6.20695
2025,1.65019,0.379774,6.20316
2026,4.89143,0.413728,6.18982
2027,13.0419,0.479677,6.15237
2028,-8.36289,0.460383,6.17867
2029,-15.3742,0.413539,6.22574
2030,1.42928,0.43432,6.22278
2031,-28.502,0.337308,6.30878
2032,-8.21452,0.323479,6.33425
2033,-23.9833,0.248098,6.40653
2034,-25.9518,0.169338,6.48445
2035,-45.1674,0.0132174,6.61926
2036,-23.1284,-0.0502534,6.68812
2037,-33.2749,-0.151503,6.78698
2038,-24.3014,-0.217086,6.85886
2039,-4.90124,-0.206548,6.87288
2040,-0.0706483,-0.178213,6.87256
2041,-5.31286,-0.172537,6.8879
2042,-25.6932,-0.247202,6.96389
2043,-17.9188,-0.291528,7.01654
2044,-19.29,-0.341404,7.07314
2045,-24.7952,-0.413381,7.14598
2046,-23.0704,-0.478976,7.21347
2047,-24.674,-0.550071,7.28556
2048,-23.9081,-0.617069,7.35516
2049,-28.24,-0.700707,7.43747
2050,-26.6318,-0.77756,7.51476
2051,-21.2338,-0.832429,7.57575
2052,3.68875,-0.788126,7.56236
2053,17.0112,-0.692115,7.50943
2054,-5.76263,-0.687504,7.5246
2055,4.95883,-0.639837,7.50786
2056,-5.44407,-0.6326,7.52225
2057,-6.13222,-0.627352,7.53872
2058,12.4362,-0.548772,7.49987
2059,7.22639,-0.491685,7.47677
2060,12.5509,-0.414157,7.43797
2061,8.49357,-0.353285,7.41149
2062,0.0584651,-0.325674,7.41034
2063,13.4778,-0.245863,7.36925
2064,26.5651,-0.115915,7.28936
2065,7.33438,-0.0632348,7.26721
2066,2.24253,-0.0303564,7.2604
2067,0.692781,-0.00390315,7.25832
2068,15.3646,0.0802627,7.21253
2069,3.47396,0.116156,7.20247
2070,-2.35156,0.128863,7.2099
2071,7.81012,0.181991,7.18704
2072,13.3285,0.255867,7.14786
2073,3.39435,0.289442,7.13856
2074,-2.02613,0.301479,7.14553
2075,-1.93214,0.314276,7.15227
2076,-6.81103,0.308257,7.17362
2077,-10.114,0.289766,7.20481
2078,-0.785721,0.308275,7.2081
2079,1.43022,0.335189,7.20481
2080,-17.5628,0.287478,7.25836
2081,-7.22719,0.280986,7.28089
2082,-7.64548,0.271873,7.30464
2083,0.209874,0.29297,7.30489
2084,-11.5115,0.267341,7.34024
2085,-4.725,0.269236,7.35523
2086,-8.33354,0.256693,7.38102
2087,-2.15559,0.268701,7.3883
2088,-2.95631,0.277124,7.39801
2089,-6.63141,0.272229,7.41874
2090,28.6664,0.406905,7.33387
2091,22.5263,0.51473,7.26775
2092,22.6087,0.620917,7.2017
2093,23.7136,0.730738,7.13266
2094,19.2267,0.822483,7.07736
2095,6.57552,0.863306,7.0602
2096,16.5821,0.943539,7.0132
2097,19.2872,1.03276,6.95833
2098,14.0224,1.10069,6.91949
2099,-8.66739,1.07971,6.94879
2100,-0.729486,1.09158,6.95427
2101,-8.573,1.07257,6.98327
2102,3.94322,1.10317,6.97473
2103,-1.68934,1.1111,6.98315
2104,1.05577,1.12958,6.98338
2105,-4.47577,1.12641,7.00023
2106,2.20059,1.15013,6.99707
2107,0.216006,1.16467,6.99992
2108,23.0176,1.26842,6.93448
2109,30.4274,1.39889,6.84711
2110,31.7098,1.53219,6.75628
2111,-2.52754,1.52901,6.76849
2112,2.94607,1.54838,6.76429
2113,-6.00395,1.53244,6.78698
2114,7.6546,1.57109,6.76866
2115,12.8896,1.62886,6.73475
2116,-1.24336,1.63013,6.7434
2117,-4.41063,1.61944,6.76157
2118,-12.6108,1.57852,6.80431
2119,-2.15094,1.57846,6.81555
2120,10.1903,1.62604,6.78974
2121,15.8685,1.69448,6.74703
2122,15.2131,1.75879,6.70648
2123,-5.03587,1.74339,6.72692
2124,-2.93317,1.73665,6.74099
2125,-1.88096,1.73395,6.75189
2126,2.59167,1.74803,6.74935
2127,-2.11783,1.74332,6.76099
2128,-8.68484,1.71383,6.79235
2129,-4.00988,1.70324,6.80958
2130,1.36115,1.71392,6.81064
2131,0.436531,1.72045,6.81451
2132,8.78244,1.75925,6.79333
2133,3.80911,1.77804,6.7872
2134,5.63014,1.80374,6.77565
2135,8.6037,1.84065,6.75524
2136,0.776719,1.84668,6.75847
2137,-1.7259,1.84395,6.76925
2138,10.2621,1.8886,6.74397
2139,1.8653,1.89863,6.74407
2140,2.70363,1.91182,6.74168
2141,4.95455,1.93497,6.73256
2142,-10.8818,1.89591,6.77115
2143,-12.9255,1.85075,6.81578
2144,-9.6042,1.82073,6.85029
2145,4.1803,1.84427,6.84323
2146,-0.316548,1.84978,6.84977
2147,-5.39944,1.83609,6.87163
2148,2.94302,1.85468,6.86835
2149,-6.79542,1.83531,6.89443
2150,1.07417,1.84712,6.89676
2151,-2.47359,1.84404,6.90981
2152,10.016,1.89029,6.88525
2153,1.17916,1.9001,6.88743
2154,1.12142,1.91188,6.88982
2155,-5.84296,1.89646,6.91322
2156,-5.35202,1.88583,6.93511
2157,2.5653,1.90529,6.93312
2158,4.64391,1.93348,6.92492
2159,3.27974,1.9557,6.92091
2160,5.83112,1.98851,6.90929
2161,-0.451139,1.99571,6.91669
2162,2.2013,2.01394,6.91612
2163,-2.91927,2.01271,6.93105
2164,-1.74609,2.01641,6.94244
2165,-7.57247,1.99805,6.9714
2166,5.4259,2.03003,6.96112
2167,-6.19514,2.01641,6.98598
2168,2.20923,2.03728,6.98546
2169,7.87946,2.07945,6.9679
2170,3.50515,2.10312,6.96365
2171,-0.306392,2.11164,6.97098
2172,11.5265,2.16673,6.94263
2173,-3.81607,2.16024,6.96073
2174,-14.2009,2.11667,7.01016
2175,9.87607,2.16745,6.98681
2176,16.6461,2.24349,6.94317
2177,5.45603,2.27495,6.93353
2178,0.293548,2.28622,6.93957
2179,8.73238,2.33054,6.92017
2180,5.27433,2.35886,6.91133
2181,4.24781,2.38482,6.90568
2182,9.99035,2.43239,6.88277
2183,0.506602,2.44184,6.88864
2184,-5.19443,2.43042,6.91176
2185,18.5475,2.51212,6.86313
2186,21.3364,2.60109,6.80631
2187,7.06216,2.63362,6.79288
2188,4.34933,2.65496,6.78774
2189,12.593,2.70779,6.75775
2190,3.85925,2.72454,6.75431
2191,10.2396,2.76543,6.73163
2192,3.70819,2.7802,6.72882
2193,11.2104,2.82373,6.70337
2194,-2.23299,2.81405,6.71868
2195,5.85741,2.83583,6.70951
2196,4.66636,2.85153,6.704
2197,10.8817,2.89053,6.67974
2198,12.2798,2.93298,6.65137
2199,-1.56456,2.92036,6.66498
2200,-0.726411,2.91075,6.67603
2201,3.51529,2.91817,6.67422
2202,3.92788,2.92679,6.67118
2203,-1.4682,2.91425,6.68449
2204,9.50796,2.94455,6.66455
2205,10.5286,2.97662,6.64161
2206,10.8196,3.00716,6.61787
2207,3.4896,3.00847,6.61641
2208,5.43793,3.01633,6.60905
2209,2.5944,3.01289,6.61032
2210,2.41632,3.00897,6.61212
2211,-0.371442,2.99398,6.62235
2212,3.93319,2.99574,6.6195
2213,9.23705,3.01764,6.60059
2214,9.28245,3.03804,6.58161
2215,6.50974,3.04618,6.57108
2216,5.03784,3.04812,6.56503
2217,4.96076,3.04885,6.55921
2218,3.72342,3.04445,6.55715
2219,3.89048,3.04059,6.55456
2220,2.86872,3.03275,6.55506
2221,5.19835,3.03337,6.54848
2222,3.74142,3.02792,6.54631
2223,4.52415,3.02466,6.54174
2224,5.34719,3.02415,6.53467
2225,2.24218,3.01104,6.53701
2226,5.31212,3.00955,6.53001
2227,-1.99476,2.97928,6.54515
2228,-2.21604,2.9497,6.56087
2229,-2.55578,2.91905,6.57754
2230,-2.26211,2.89011,6.59322
2231,-3.39659,2.85754,6.61226
2232,2.06067,2.84803,6.61466
2233,4.9333,2.84816,6.60831
2234,6.61433,2.85289,6.59686
2235,3.57501,2.84447,6.59463
2236,2.77518,2.83328,6.59481
2237,1.70832,2.81845,6.59819
2238,0.91061,2.80065,6.60395
2239,1.64775,2.78529,6.60741
2240,1.80179,2.77054,6.61037
2241,0.344805,2.75103,6.6177
2242,-0.979162,2.72782,6.629
2243,0.792502,2.71202,6.63485
2244,4.61659,2.71066,6.62904
2245,4.513,2.70867,6.62354
2246,2.4231,2.69844,6.62438
2247,4.09617,2.69487,6.6201
2248,5.45468,2.69586,6.61169
2249,4.12759,2.69069,6.60731
2250,2.87752,2.6805,6.60671
2251,0.307935,2.66048,6.61388
2252,-0.863,2.63594,6.62455
2253,-3.50741,2.602,6.64319
2254,-4.66572,2.56459,6.66525
2255,-4.4331,2.52855,6.68648
2256,-3.88449,2.4951,6.70595
2257,-4.08694,2.46102,6.72593
2258,-2.77022,2.43254,6.7418
2259,-0.885016,2.4111,6.75186
2260,-0.0912352,2.3923,6.75944
2261,-2.2135,2.3643,6.77341
2262,-4.24941,2.32834,6.79349
2263,-4.02228,2.2939,6.81277
2264,-2.30723,2.26684,6.82674
2265,-2.87646,2.23756,6.84235
2266,-4.78661,2.20151,6.86369
2267,-6.23186,2.16103,6.88932
2268,-4.15964,2.13027,6.90853
2269,-2.91277,2.10559,6.92385
2270,0.245336,2.09332,6.9295
2271,0.392175,2.0813,6.93466
2272,-1.04,2.06339,6.94414
2273,1.22462,2.05465,6.94667
2274,2.05882,2.04879,6.94664
2275,1.90312,2.04163,6.94706
2276,0.163391,2.02716,6.95276
2277,-1.84467,2.00493,6.96452
2278,-1.56273,1.98337,6.97536
2279,-1.56836,1.96163,6.98615
2280,-1.04335,1.94162,6.99527
2281,-1.51541,1.919,7.00577
2282,-4.00804,1.88722,7.0238
2283,-6.0595,1.84843,7.04797
2284,-5.09776,1.81425,7.06911
2285,-2.75522,1.78931,7.083
2286,-2.01422,1.76714,7.09457
2287,-1.90734,1.74501,7.10574
2288,-1.01366,1.72593,7.11412
2289,2.09547,1.71771,7.11296
2290,3.40556,1.71504,7.10779
2291,-1.12473,1.69445,7.11641
2292,-2.3715,1.6685,7.12877
2293,-4.10147,1.63666,7.14633
2294,-4.01586,1.60645,7.16353
2295,-2.11279,1.58474,7.17485
2296,2.31139,1.58032,7.17261
2297,2.16795,1.57399,7.17079
2298,1.51146,1.56463,7.17096
2299,-0.209038,1.54897,7.17634
2300,-1.17988,1.53039,7.18463
2301,-1.34334,1.51088,7.19337
2302,0.11387,1.49656,7.1976
2303,-3.38879,1.46884,7.21248
2304,-4.29365,1.43816,7.23003
2305,-1.99493,1.41662,7.24048
2306,0.949468,1.40609,7.24188
2307,0.452421,1.39247,7.24475
2308,-5.3212,1.35609,7.26521
2309,-6.59324,1.31615,7.28943
2310,-5.34059,1.28208,7.30972
2311,-7.54323,1.23991,7.33663
2312,-6.96031,1.20083,7.36163
2313,-3.90625,1.17394,7.3772
2314,-4.48768,1.14578,7.39446
2315,-9.83984,1.09936,7.42799
2316,-12.0382,1.04614,7.46809
2317,-3.9019,1.02515,7.48319
2318,1.9124,1.02684,7.48047
2319,0.273269,1.02172,7.48277
2320,2.58316,1.0252,7.47799
2321,1.35035,1.02262,7.47699
2322,-0.72806,1.0115,7.48232
2323,-5.90243,0.980936,7.50342
2324,-6.79567,0.948078,7.52717
2325,-1.91746,0.934582,7.53592
2326,-1.64477,0.921925,7.54379
2327,-7.02087,0.889365,7.56805
2328,-5.63547,0.863024,7.58798
2329,-0.864068,0.85539,7.59326
2330,0.782733,0.853163,7.59347
2331,-2.27719,0.838486,7.60303
2332,-3.80458,0.81843,7.61721
2333,-2.85333,0.801844,7.62843
2334,-4.59458,0.778458,7.64492
2335,-5.90676,0.750696,7.66535
2336,-5.22668,0.725587,7.68361
2337,-2.85681,0.710401,7.69456
2338,-3.14969,0.69477,7.70636
2339,-2.65952,0.680854,7.71661
2340,-1.98526,0.669355,7.72476
2341,2.31181,0.674645,7.71974
2342,3.9485,0.685412,7.70972
2343,3.48474,0.692952,7.70115
2344,4.9362,0.704722,7.68815
2345,4.39871,0.713713,7.67684
2346,0.401557,0.707015,7.67778
2347,-1.64432,0.692518,7.68495
2348,-4.14358,0.668896,7.69973
2349,-3.05828,0.650558,7.71113
2350,-2.67824,0.634076,7.7213
2351,0.411678,0.62973,7.72197
2352,2.10821,0.630733,7.71743
2353,6.32186,0.646156,7.69999
2354,5.52639,0.657233,7.68503
2355,1.72815,0.652468,7.68173
2356,0.266313,0.640473,7.68288
2357,-1.83613,0.620898,7.69043
2358,-5.33906,0.588799,7.70865
2359,-5.95793,0.555534,7.72867
2360,-3.70636,0.531784,7.74169
2361,1.41699,0.528119,7.73896
2362,2.4513,0.52742,7.73305
2363,2.62297,0.526679,7.7266
2364,3.35974,0.527955,7.7179
2365,3.52811,0.52838,7.70867
2366,2.25414,0.523248,7.70335
2367,0.591581,0.511151,7.7031
2368,-2.91598,0.485467,7.71356
2369,-2.90993,0.461193,7.72393
2370,-5.11813,0.429341,7.74099
2371,-5.96775,0.396022,7.76057
2372,-5.78498,0.364795,7.77948
2373,-3.65707,0.342438,7.79179
2374,0.385565,0.336204,7.79164
2375,3.79838,0.342764,7.781
2376,4.46777,0.350903,7.76834
2377,4.54502,0.358632,7.75546
2378,2.55836,0.357695,7.74868
2379,0.375828,0.347974,7.7486
2380,-0.484598,0.334938,7.75112
2381,-0.259088,0.32233,7.75291
2382,0.294577,0.311053,7.75296
2383,0.6615,0.300606,7.75185
2384,-1.7759,0.280288,7.75818
2385,-4.21438,0.250194,7.77192
2386,-6.47078,0.211883,7.7925
2387,-7.83605,0.169058,7.81714
2388,-6.84277,0.131727,7.83862
2389,-6.13826,0.0982722,7.85782
2390,-5.51228,0.0683902,7.87501
2391,-1.79563,0.0537719,7.8807
2392,0.0721155,0.0465512,7.88063
2393,0.788506,0.0419252,7.87833
2394,-0.687591,0.0313994,7.88054
2395,-1.68361,0.017851,7.88578
2396,-1.83101,0.00417173,7.89144
2397,-3.86268,-0.016784,7.90328
2398,-4.48768,-0.0392745,7.91699
2399,-3.81948,-0.0587002,7.92858
2400,-3.86712,-0.0784787,7.94025
2401,-4.19712,-0.0999301,7.95288
2402,-4.05986,-0.121161,7.96501
2403,-3.94168,-0.142394,7.97672
2404,-3.63263,-0.162847,7.98742
2405,-6.51061,-0.193932,8.00689
2406,-7.70206,-0.228803,8.02992
2407,-6.61453,-0.258417,8.04952
2408,-4.41154,-0.279289,8.06226
2409,-4.71457,-0.300543,8.07586
2410,-4.24204,-0.319833,8.08796
2411,-2.2975,-0.332103,8.09402
2412,-1.56361,-0.341837,8.09778
2413,-3.14946,-0.357564,8.10639
2414,-3.79002,-0.37518,8.11692
2415,-3.84102,-0.392355,8.12756
2416,-4.2401,-0.409794,8.13937
2417,-4.79895,-0.428502,8.15285
2418,-4.67814,-0.445897,8.16591
2419,-2.4206,-0.452827,8.17198
2420,-2.29867,-0.459012,8.17765
2421,-1.28884,-0.460188,8.18021
2422,2.3023,-0.447616,8.17172
2423,3.5463,-0.431348,8.15945
2424,5.16149,-0.410469,8.14226
2425,3.95098,-0.394986,8.12885
2426,3.94585,-0.379975,8.1155
2427,-4.4116,-0.397359,8.12789
2428,-6.41658,-0.421215,8.14639
2429,-7.73289,-0.448909,8.16887
2430,-6.39676,-0.472612,8.18716
2431,3.26989,-0.458711,8.17565
2432,-5.44653,-0.477501,8.19099
2433,-3.17372,-0.487609,8.19928
2434,0.0430633,-0.48765,8.19764
2435,4.30537,-0.470596,8.1829
2436,-10.2112,-0.50878,8.21285
2437,-8.50313,-0.540193,8.23744
2438,-1.53885,-0.54482,8.24051
2439,-9.67931,-0.579121,8.26861
2440,-13.5169,-0.6257,8.30843
2441,-3.8969,-0.634992,8.3185
2442,3.45872,-0.615979,8.30591
2443,3.15034,-0.598403,8.29434
2444,-0.36827,-0.595447,8.29363
2445,3.10007,-0.579975,8.28227
2446,8.90593,-0.542684,8.25308
2447,2.79794,-0.529855,8.24279
2448,-5.21681,-0.546431,8.25723
2449,-2.71889,-0.552303,8.26392
2450,2.9403,-0.535758,8.25318
2451,-2.85692,-0.542237,8.26033
2452,0.836226,-0.533388,8.2561
2453,3.72614,-0.515007,8.24299
2454,6.73893,-0.484531,8.22067
2455,5.6248,-0.460613,8.20186
2456,1.52336,-0.452358,8.19575
2457,2.71791,-0.440123,8.18599
2458,2.81262,-0.427145,8.17597
2459,-0.105207,-0.426516,8.17498
2460,-0.756086,-0.426894,8.176
2461,1.10411,-0.419744,8.17129
2462,2.31078,-0.406647,8.16289
2463,1.51473,-0.397258,8.15697
2464,7.70895,-0.364468,8.13201
2465,4.3435,-0.346094,8.11751
2466,8.59808,-0.311538,8.08995
2467,0.771965,-0.309039,8.08661
2468,4.30521,-0.292272,8.07239
2469,1.95634,-0.285456,8.06546
2470,-0.418363,-0.287483,8.06586
2471,-0.807544,-0.291102,8.06746
2472,2.23145,-0.282391,8.05968
2473,3.7358,-0.268404,8.0473
2474,1.99963,-0.260914,8.0403
2475,3.86849,-0.246925,8.02757
2476,7.62742,-0.218452,8.00329
2477,4.22167,-0.205271,7.9896
2478,4.42801,-0.19159,7.9753
2479,2.17623,-0.187284,7.96799
2480,1.62498,-0.185101,7.96238
2481,0.040838,-0.188719,7.96167
2482,-2.98167,-0.203874,7.97027
2483,-2.51796,-0.216114,7.9774
2484,3.61253,-0.204658,7.96558
2485,4.59986,-0.189725,7.95075
2486,2.4294,-0.184736,7.94266
2487,2.1858,-0.180531,7.93534
2488,3.72696,-0.170556,7.92327
2489,2.37006,-0.165976,7.91542
2490,3.56205,-0.156967,7.9039
2491,0.534115,-0.159832,7.90175
2492,3.15072,-0.152263,7.89153
2493,2.95274,-0.1462,7.88193
2494,-1.83469,-0.1596,7.88712
2495,-1.4162,-0.169972,7.89098
2496,4.9349,-0.155596,7.87521
2497,2.38943,-0.151847,7.86734
2498,4.97066,-0.139909,7.85151
2499,0.512471,-0.147043,7.84947
